
########## RQ3 — partial catalog (predictcollab, gnn) ##########

===== RQ3 LOG: Healthcare =====
Applying feature extraction to process executions
  0%|          | 0/100 [00:00<?, ?it/s]100%|##########| 100/100 [00:00<?, ?it/s]
    [GNN][Healthcare][NE-NPaA] device=cpu
    [GNN][Healthcare][NE-NPaA] k=4: train=945, validation=121
      epoch 1/100 loss=1.161243 validation_f1_macro=0.720238
      epoch 5/100 loss=0.315657 validation_f1_macro=0.860410
      epoch 10/100 loss=0.271089 validation_f1_macro=0.926665
      epoch 15/100 loss=0.243934 validation_f1_macro=0.896785
      epoch 20/100 loss=0.234039 validation_f1_macro=0.926665
      early stopping at epoch 24; best_epoch=14
    [GNN][Healthcare][NE-NPaA] k=4: best_epoch=14 validation_f1_macro=0.945065
    [GNN][Healthcare][NE-NPaA] k=8: train=945, validation=121
      epoch 1/100 loss=1.171577 validation_f1_macro=0.851571
      epoch 5/100 loss=0.318940 validation_f1_macro=0.878712
      epoch 10/100 loss=0.262881 validation_f1_macro=0.926665
      epoch 15/100 loss=0.228528 validation_f1_macro=0.926665
      early stopping at epoch 16; best_epoch=6
    [GNN][Healthcare][NE-NPaA] k=8: best_epoch=6 validation_f1_macro=0.926665
    [GNN][Healthcare][NE-NPaA] k=16: train=945, validation=121
      epoch 1/100 loss=1.165131 validation_f1_macro=0.789586
      epoch 5/100 loss=0.333333 validation_f1_macro=0.890290
      epoch 10/100 loss=0.263752 validation_f1_macro=0.896785
      epoch 15/100 loss=0.246214 validation_f1_macro=0.896785
      epoch 20/100 loss=0.236077 validation_f1_macro=0.926665
      early stopping at epoch 21; best_epoch=11
    [GNN][Healthcare][NE-NPaA] k=16: best_epoch=11 validation_f1_macro=0.926665
    [GNN][Healthcare][NE-NPaA] selected_k=4 refit_epochs=14
    [GNN][Healthcare][NE-NPaA] test_f1_macro=0.875411 baseline=0.168224 n=284
    [Healthcare][NE-NPaA] fold 1/5: 28.5s
    [GNN][Healthcare][NE-NPaA] device=cpu
    [GNN][Healthcare][NE-NPaA] k=4: train=980, validation=135
      epoch 1/100 loss=1.142827 validation_f1_macro=0.664358
      epoch 5/100 loss=0.304073 validation_f1_macro=0.853951
      epoch 10/100 loss=0.238786 validation_f1_macro=0.857864
      epoch 15/100 loss=0.222951 validation_f1_macro=0.882729
      epoch 20/100 loss=0.210462 validation_f1_macro=0.887456
      epoch 25/100 loss=0.222636 validation_f1_macro=0.870584
      epoch 30/100 loss=0.194842 validation_f1_macro=0.900799
      early stopping at epoch 34; best_epoch=24
    [GNN][Healthcare][NE-NPaA] k=4: best_epoch=24 validation_f1_macro=0.908081
    [GNN][Healthcare][NE-NPaA] k=8: train=980, validation=135
      epoch 1/100 loss=1.159432 validation_f1_macro=0.754547
      epoch 5/100 loss=0.276083 validation_f1_macro=0.867252
      epoch 10/100 loss=0.216021 validation_f1_macro=0.870584
      epoch 15/100 loss=0.200819 validation_f1_macro=0.883152
      epoch 20/100 loss=0.200074 validation_f1_macro=0.869271
      early stopping at epoch 21; best_epoch=11
    [GNN][Healthcare][NE-NPaA] k=8: best_epoch=11 validation_f1_macro=0.893579
    [GNN][Healthcare][NE-NPaA] k=16: train=980, validation=135
      epoch 1/100 loss=1.193144 validation_f1_macro=0.780459
      epoch 5/100 loss=0.305639 validation_f1_macro=0.869271
      epoch 10/100 loss=0.258913 validation_f1_macro=0.893579
      epoch 15/100 loss=0.216224 validation_f1_macro=0.869668
      early stopping at epoch 19; best_epoch=9
    [GNN][Healthcare][NE-NPaA] k=16: best_epoch=9 validation_f1_macro=0.896562
    [GNN][Healthcare][NE-NPaA] selected_k=4 refit_epochs=24
    [GNN][Healthcare][NE-NPaA] test_f1_macro=0.886640 baseline=0.178082 n=235
    [Healthcare][NE-NPaA] fold 2/5: 35.5s
    [GNN][Healthcare][NE-NPaA] device=cpu
    [GNN][Healthcare][NE-NPaA] k=4: train=924, validation=128
      epoch 1/100 loss=1.183577 validation_f1_macro=0.741132
      epoch 5/100 loss=0.280371 validation_f1_macro=0.909287
      epoch 10/100 loss=0.262544 validation_f1_macro=0.845653
      epoch 15/100 loss=0.208916 validation_f1_macro=0.901476
      epoch 20/100 loss=0.209623 validation_f1_macro=0.915038
      epoch 25/100 loss=0.189261 validation_f1_macro=0.921952
      epoch 30/100 loss=0.188640 validation_f1_macro=0.909287
      early stopping at epoch 33; best_epoch=23
    [GNN][Healthcare][NE-NPaA] k=4: best_epoch=23 validation_f1_macro=0.921952
    [GNN][Healthcare][NE-NPaA] k=8: train=924, validation=128
      epoch 1/100 loss=1.157904 validation_f1_macro=0.803058
      epoch 5/100 loss=0.273566 validation_f1_macro=0.900849
      epoch 10/100 loss=0.235978 validation_f1_macro=0.894595
      epoch 15/100 loss=0.215327 validation_f1_macro=0.902367
      epoch 20/100 loss=0.204715 validation_f1_macro=0.894484
      early stopping at epoch 24; best_epoch=14
    [GNN][Healthcare][NE-NPaA] k=8: best_epoch=14 validation_f1_macro=0.921952
    [GNN][Healthcare][NE-NPaA] k=16: train=924, validation=128
      epoch 1/100 loss=1.177297 validation_f1_macro=0.857421
      epoch 5/100 loss=0.289398 validation_f1_macro=0.917418
      epoch 10/100 loss=0.222173 validation_f1_macro=0.894484
      early stopping at epoch 13; best_epoch=3
    [GNN][Healthcare][NE-NPaA] k=16: best_epoch=3 validation_f1_macro=0.922833
    [GNN][Healthcare][NE-NPaA] selected_k=16 refit_epochs=3
    [GNN][Healthcare][NE-NPaA] test_f1_macro=0.806013 baseline=0.165919 n=298
    [Healthcare][NE-NPaA] fold 3/5: 25.2s
    [GNN][Healthcare][NE-NPaA] device=cpu
    [GNN][Healthcare][NE-NPaA] k=4: train=959, validation=128
      epoch 1/100 loss=1.159983 validation_f1_macro=0.640883
      epoch 5/100 loss=0.295076 validation_f1_macro=0.878412
      epoch 10/100 loss=0.249177 validation_f1_macro=0.890684
      epoch 15/100 loss=0.212344 validation_f1_macro=0.894215
      early stopping at epoch 16; best_epoch=6
    [GNN][Healthcare][NE-NPaA] k=4: best_epoch=6 validation_f1_macro=0.894215
    [GNN][Healthcare][NE-NPaA] k=8: train=959, validation=128
      epoch 1/100 loss=1.174945 validation_f1_macro=0.698753
      epoch 5/100 loss=0.289641 validation_f1_macro=0.887991
      epoch 10/100 loss=0.242895 validation_f1_macro=0.904438
      epoch 15/100 loss=0.232092 validation_f1_macro=0.885677
      epoch 20/100 loss=0.200104 validation_f1_macro=0.893623
      epoch 25/100 loss=0.206461 validation_f1_macro=0.900154
      early stopping at epoch 29; best_epoch=19
    [GNN][Healthcare][NE-NPaA] k=8: best_epoch=19 validation_f1_macro=0.933756
    [GNN][Healthcare][NE-NPaA] k=16: train=959, validation=128
      epoch 1/100 loss=1.200913 validation_f1_macro=0.755406
      epoch 5/100 loss=0.297627 validation_f1_macro=0.842358
      epoch 10/100 loss=0.234032 validation_f1_macro=0.885677
      epoch 15/100 loss=0.207605 validation_f1_macro=0.903857
      epoch 20/100 loss=0.203962 validation_f1_macro=0.915575
      epoch 25/100 loss=0.182365 validation_f1_macro=0.908858
      epoch 30/100 loss=0.186472 validation_f1_macro=0.893623
      early stopping at epoch 32; best_epoch=22
    [GNN][Healthcare][NE-NPaA] k=16: best_epoch=22 validation_f1_macro=0.934463
    [GNN][Healthcare][NE-NPaA] selected_k=16 refit_epochs=22
    [GNN][Healthcare][NE-NPaA] test_f1_macro=0.849369 baseline=0.172070 n=263
    [Healthcare][NE-NPaA] fold 4/5: 35.8s
    [GNN][Healthcare][NE-NPaA] device=cpu
    [GNN][Healthcare][NE-NPaA] k=4: train=938, validation=142
      epoch 1/100 loss=1.165628 validation_f1_macro=0.689601
      epoch 5/100 loss=0.299189 validation_f1_macro=0.861893
      epoch 10/100 loss=0.253458 validation_f1_macro=0.872621
      epoch 15/100 loss=0.233722 validation_f1_macro=0.860293
      early stopping at epoch 17; best_epoch=7
    [GNN][Healthcare][NE-NPaA] k=4: best_epoch=7 validation_f1_macro=0.895360
    [GNN][Healthcare][NE-NPaA] k=8: train=938, validation=142
      epoch 1/100 loss=1.156158 validation_f1_macro=0.849965
      epoch 5/100 loss=0.276623 validation_f1_macro=0.884259
      epoch 10/100 loss=0.239377 validation_f1_macro=0.873623
      early stopping at epoch 13; best_epoch=3
    [GNN][Healthcare][NE-NPaA] k=8: best_epoch=3 validation_f1_macro=0.884948
    [GNN][Healthcare][NE-NPaA] k=16: train=938, validation=142
      epoch 1/100 loss=1.253877 validation_f1_macro=0.735607
      epoch 5/100 loss=0.324826 validation_f1_macro=0.879572
      epoch 10/100 loss=0.268645 validation_f1_macro=0.862878
      epoch 15/100 loss=0.227854 validation_f1_macro=0.860293
      epoch 20/100 loss=0.233933 validation_f1_macro=0.872621
      early stopping at epoch 21; best_epoch=11
    [GNN][Healthcare][NE-NPaA] k=16: best_epoch=11 validation_f1_macro=0.892218
    [GNN][Healthcare][NE-NPaA] selected_k=4 refit_epochs=7
    [GNN][Healthcare][NE-NPaA] test_f1_macro=0.874158 baseline=0.170732 n=270
    [Healthcare][NE-NPaA] fold 5/5: 21.8s
  [NE-NPaA] 146.8s
    [GNN][Healthcare][NE-NMPr] device=cpu
    [GNN][Healthcare][NE-NMPr] k=4: train=945, validation=121
      epoch 1/100 loss=2.549998 validation_f1_macro=0.243672
      epoch 5/100 loss=0.776069 validation_f1_macro=0.709365
      epoch 10/100 loss=0.578315 validation_f1_macro=0.724921
      epoch 15/100 loss=0.540637 validation_f1_macro=0.745739
      epoch 20/100 loss=0.490304 validation_f1_macro=0.749842
      epoch 25/100 loss=0.486720 validation_f1_macro=0.724921
      early stopping at epoch 27; best_epoch=17
    [GNN][Healthcare][NE-NMPr] k=4: best_epoch=17 validation_f1_macro=0.771752
    [GNN][Healthcare][NE-NMPr] k=8: train=945, validation=121
      epoch 1/100 loss=2.551434 validation_f1_macro=0.370931
      epoch 5/100 loss=0.863335 validation_f1_macro=0.615238
      epoch 10/100 loss=0.614943 validation_f1_macro=0.720376
      epoch 15/100 loss=0.558996 validation_f1_macro=0.710915
      epoch 20/100 loss=0.493332 validation_f1_macro=0.695720
      early stopping at epoch 21; best_epoch=11
    [GNN][Healthcare][NE-NMPr] k=8: best_epoch=11 validation_f1_macro=0.761055
    [GNN][Healthcare][NE-NMPr] k=16: train=945, validation=121
      epoch 1/100 loss=2.572692 validation_f1_macro=0.371661
      epoch 5/100 loss=0.830405 validation_f1_macro=0.696461
      epoch 10/100 loss=0.657198 validation_f1_macro=0.749054
      epoch 15/100 loss=0.576760 validation_f1_macro=0.726826
      epoch 20/100 loss=0.528854 validation_f1_macro=0.731813
      early stopping at epoch 23; best_epoch=13
    [GNN][Healthcare][NE-NMPr] k=16: best_epoch=13 validation_f1_macro=0.765773
    [GNN][Healthcare][NE-NMPr] selected_k=4 refit_epochs=17
    [GNN][Healthcare][NE-NMPr] test_f1_macro=0.732758 baseline=0.020969 n=284
    [Healthcare][NE-NMPr] fold 1/5: 31.2s
    [GNN][Healthcare][NE-NMPr] device=cpu
    [GNN][Healthcare][NE-NMPr] k=4: train=980, validation=135
      epoch 1/100 loss=2.542184 validation_f1_macro=0.203373
      epoch 5/100 loss=0.746971 validation_f1_macro=0.699611
      epoch 10/100 loss=0.564232 validation_f1_macro=0.737843
      epoch 15/100 loss=0.530559 validation_f1_macro=0.685326
      epoch 20/100 loss=0.478646 validation_f1_macro=0.714763
      early stopping at epoch 24; best_epoch=14
    [GNN][Healthcare][NE-NMPr] k=4: best_epoch=14 validation_f1_macro=0.747507
    [GNN][Healthcare][NE-NMPr] k=8: train=980, validation=135
      epoch 1/100 loss=2.573282 validation_f1_macro=0.252349
      epoch 5/100 loss=0.813431 validation_f1_macro=0.657386
      epoch 10/100 loss=0.584211 validation_f1_macro=0.693639
      epoch 15/100 loss=0.537110 validation_f1_macro=0.694433
      early stopping at epoch 19; best_epoch=9
    [GNN][Healthcare][NE-NMPr] k=8: best_epoch=9 validation_f1_macro=0.706667
    [GNN][Healthcare][NE-NMPr] k=16: train=980, validation=135
      epoch 1/100 loss=2.568371 validation_f1_macro=0.453354
      epoch 5/100 loss=0.780129 validation_f1_macro=0.664983
      epoch 10/100 loss=0.597741 validation_f1_macro=0.705411
      epoch 15/100 loss=0.535621 validation_f1_macro=0.683810
      epoch 20/100 loss=0.491306 validation_f1_macro=0.710654
      epoch 25/100 loss=0.464068 validation_f1_macro=0.701362
      epoch 30/100 loss=0.450525 validation_f1_macro=0.708197
      epoch 35/100 loss=0.407540 validation_f1_macro=0.718203
      epoch 40/100 loss=0.410970 validation_f1_macro=0.702011
      epoch 45/100 loss=0.392515 validation_f1_macro=0.732801
      early stopping at epoch 46; best_epoch=36
    [GNN][Healthcare][NE-NMPr] k=16: best_epoch=36 validation_f1_macro=0.763030
    [GNN][Healthcare][NE-NMPr] selected_k=16 refit_epochs=36
    [GNN][Healthcare][NE-NMPr] test_f1_macro=0.646981 baseline=0.024537 n=235
    [Healthcare][NE-NMPr] fold 2/5: 45.4s
    [GNN][Healthcare][NE-NMPr] device=cpu
    [GNN][Healthcare][NE-NMPr] k=4: train=924, validation=128
      epoch 1/100 loss=2.550402 validation_f1_macro=0.162132
      epoch 5/100 loss=0.761848 validation_f1_macro=0.679455
      epoch 10/100 loss=0.565077 validation_f1_macro=0.763723
      epoch 15/100 loss=0.518032 validation_f1_macro=0.773405
      epoch 20/100 loss=0.490009 validation_f1_macro=0.751631
      epoch 25/100 loss=0.473353 validation_f1_macro=0.723868
      epoch 30/100 loss=0.457620 validation_f1_macro=0.766884
      epoch 35/100 loss=0.442044 validation_f1_macro=0.805079
      epoch 40/100 loss=0.449157 validation_f1_macro=0.792727
      epoch 45/100 loss=0.413802 validation_f1_macro=0.725384
      early stopping at epoch 46; best_epoch=36
    [GNN][Healthcare][NE-NMPr] k=4: best_epoch=36 validation_f1_macro=0.828826
    [GNN][Healthcare][NE-NMPr] k=8: train=924, validation=128
      epoch 1/100 loss=2.590919 validation_f1_macro=0.250775
      epoch 5/100 loss=0.821228 validation_f1_macro=0.698490
      epoch 10/100 loss=0.596571 validation_f1_macro=0.745628
      epoch 15/100 loss=0.545663 validation_f1_macro=0.742446
      epoch 20/100 loss=0.517682 validation_f1_macro=0.778240
      early stopping at epoch 24; best_epoch=14
    [GNN][Healthcare][NE-NMPr] k=8: best_epoch=14 validation_f1_macro=0.813973
    [GNN][Healthcare][NE-NMPr] k=16: train=924, validation=128
      epoch 1/100 loss=2.591881 validation_f1_macro=0.259976
      epoch 5/100 loss=0.839259 validation_f1_macro=0.619584
      epoch 10/100 loss=0.606973 validation_f1_macro=0.739848
      epoch 15/100 loss=0.540997 validation_f1_macro=0.833198
      epoch 20/100 loss=0.501220 validation_f1_macro=0.719192
      epoch 25/100 loss=0.469605 validation_f1_macro=0.737893
      early stopping at epoch 25; best_epoch=15
    [GNN][Healthcare][NE-NMPr] k=16: best_epoch=15 validation_f1_macro=0.833198
    [GNN][Healthcare][NE-NMPr] selected_k=16 refit_epochs=15
    [GNN][Healthcare][NE-NMPr] test_f1_macro=0.659447 baseline=0.021723 n=298
    [Healthcare][NE-NMPr] fold 3/5: 36.8s
    [GNN][Healthcare][NE-NMPr] device=cpu
    [GNN][Healthcare][NE-NMPr] k=4: train=959, validation=128
      epoch 1/100 loss=2.542097 validation_f1_macro=0.325497
      epoch 5/100 loss=0.727558 validation_f1_macro=0.717465
      epoch 10/100 loss=0.564971 validation_f1_macro=0.729614
      epoch 15/100 loss=0.515746 validation_f1_macro=0.676723
      epoch 20/100 loss=0.474987 validation_f1_macro=0.736194
      epoch 25/100 loss=0.469095 validation_f1_macro=0.792324
      epoch 30/100 loss=0.441022 validation_f1_macro=0.784547
      epoch 35/100 loss=0.433917 validation_f1_macro=0.689224
      early stopping at epoch 38; best_epoch=28
    [GNN][Healthcare][NE-NMPr] k=4: best_epoch=28 validation_f1_macro=0.806346
    [GNN][Healthcare][NE-NMPr] k=8: train=959, validation=128
      epoch 1/100 loss=2.551773 validation_f1_macro=0.392967
      epoch 5/100 loss=0.789989 validation_f1_macro=0.723564
      epoch 10/100 loss=0.611829 validation_f1_macro=0.693351
      epoch 15/100 loss=0.528776 validation_f1_macro=0.733106
      epoch 20/100 loss=0.518359 validation_f1_macro=0.765891
      early stopping at epoch 22; best_epoch=12
    [GNN][Healthcare][NE-NMPr] k=8: best_epoch=12 validation_f1_macro=0.775169
    [GNN][Healthcare][NE-NMPr] k=16: train=959, validation=128
      epoch 1/100 loss=2.606771 validation_f1_macro=0.299551
      epoch 5/100 loss=0.762233 validation_f1_macro=0.661312
      epoch 10/100 loss=0.600526 validation_f1_macro=0.682875
      epoch 15/100 loss=0.521661 validation_f1_macro=0.733106
      epoch 20/100 loss=0.483857 validation_f1_macro=0.721201
      early stopping at epoch 21; best_epoch=11
    [GNN][Healthcare][NE-NMPr] k=16: best_epoch=11 validation_f1_macro=0.752861
    [GNN][Healthcare][NE-NMPr] selected_k=4 refit_epochs=28
    [GNN][Healthcare][NE-NMPr] test_f1_macro=0.654200 baseline=0.024091 n=263
    [Healthcare][NE-NMPr] fold 4/5: 37.6s
    [GNN][Healthcare][NE-NMPr] device=cpu
    [GNN][Healthcare][NE-NMPr] k=4: train=938, validation=142
      epoch 1/100 loss=2.551127 validation_f1_macro=0.202902
      epoch 5/100 loss=0.764453 validation_f1_macro=0.612451
      epoch 10/100 loss=0.577034 validation_f1_macro=0.672034
      epoch 15/100 loss=0.541446 validation_f1_macro=0.712662
      epoch 20/100 loss=0.502136 validation_f1_macro=0.692081
      epoch 25/100 loss=0.487292 validation_f1_macro=0.703365
      early stopping at epoch 27; best_epoch=17
    [GNN][Healthcare][NE-NMPr] k=4: best_epoch=17 validation_f1_macro=0.755082
    [GNN][Healthcare][NE-NMPr] k=8: train=938, validation=142
      epoch 1/100 loss=2.549524 validation_f1_macro=0.309133
      epoch 5/100 loss=0.806077 validation_f1_macro=0.647625
      epoch 10/100 loss=0.618536 validation_f1_macro=0.669489
      epoch 15/100 loss=0.517164 validation_f1_macro=0.706923
      epoch 20/100 loss=0.484316 validation_f1_macro=0.698658
      epoch 25/100 loss=0.438025 validation_f1_macro=0.708732
      epoch 30/100 loss=0.451496 validation_f1_macro=0.715018
      epoch 35/100 loss=0.421937 validation_f1_macro=0.744103
      epoch 40/100 loss=0.410322 validation_f1_macro=0.753158
      early stopping at epoch 44; best_epoch=34
    [GNN][Healthcare][NE-NMPr] k=8: best_epoch=34 validation_f1_macro=0.790704
    [GNN][Healthcare][NE-NMPr] k=16: train=938, validation=142
      epoch 1/100 loss=2.569546 validation_f1_macro=0.222320
      epoch 5/100 loss=0.818825 validation_f1_macro=0.659096
      epoch 10/100 loss=0.610832 validation_f1_macro=0.681842
      epoch 15/100 loss=0.540046 validation_f1_macro=0.730376
      epoch 20/100 loss=0.484776 validation_f1_macro=0.729296
      early stopping at epoch 24; best_epoch=14
    [GNN][Healthcare][NE-NMPr] k=16: best_epoch=14 validation_f1_macro=0.754913
    [GNN][Healthcare][NE-NMPr] selected_k=8 refit_epochs=34
    [GNN][Healthcare][NE-NMPr] test_f1_macro=0.731584 baseline=0.022222 n=270
    [Healthcare][NE-NMPr] fold 5/5: 45.0s
  [NE-NMPr] 196.1s
    [GNN][Healthcare][NV-PrT] device=cpu
    [GNN][Healthcare][NV-PrT] k=4: train=945, validation=121
      epoch 1/100 loss=27.535384 validation_mae=19.334291
      epoch 5/100 loss=14.366565 validation_mae=13.664262
      epoch 10/100 loss=14.172942 validation_mae=14.344028
      epoch 15/100 loss=14.118437 validation_mae=14.073289
      early stopping at epoch 15; best_epoch=5
    [GNN][Healthcare][NV-PrT] k=4: best_epoch=5 validation_mae=13.664262
    [GNN][Healthcare][NV-PrT] k=8: train=945, validation=121
      epoch 1/100 loss=27.922728 validation_mae=20.632027
      epoch 5/100 loss=14.496004 validation_mae=14.979229
      epoch 10/100 loss=14.139841 validation_mae=14.661283
      epoch 15/100 loss=14.221528 validation_mae=13.954697
      epoch 20/100 loss=13.921484 validation_mae=15.063722
      epoch 25/100 loss=14.012891 validation_mae=14.985780
      epoch 30/100 loss=13.984636 validation_mae=14.713325
      early stopping at epoch 33; best_epoch=23
    [GNN][Healthcare][NV-PrT] k=8: best_epoch=23 validation_mae=13.555057
    [GNN][Healthcare][NV-PrT] k=16: train=945, validation=121
      epoch 1/100 loss=28.267642 validation_mae=20.775064
      epoch 5/100 loss=14.255816 validation_mae=15.250428
      epoch 10/100 loss=14.183150 validation_mae=14.700541
      epoch 15/100 loss=14.134537 validation_mae=13.923028
      epoch 20/100 loss=14.033238 validation_mae=14.248229
      epoch 25/100 loss=13.998454 validation_mae=14.393741
      early stopping at epoch 26; best_epoch=16
    [GNN][Healthcare][NV-PrT] k=16: best_epoch=16 validation_mae=13.318186
    [GNN][Healthcare][NV-PrT] selected_k=16 refit_epochs=16
    [GNN][Healthcare][NV-PrT] test_mae=14.234281 baseline=17.550951 n=284
    [Healthcare][NV-PrT] fold 1/5: 31.3s
    [GNN][Healthcare][NV-PrT] device=cpu
    [GNN][Healthcare][NV-PrT] k=4: train=980, validation=135
      epoch 1/100 loss=28.768780 validation_mae=22.358206
      epoch 5/100 loss=13.069826 validation_mae=14.101393
      epoch 10/100 loss=12.909233 validation_mae=13.725618
      epoch 15/100 loss=12.614220 validation_mae=13.894803
      epoch 20/100 loss=12.506587 validation_mae=13.782433
      epoch 25/100 loss=12.348146 validation_mae=13.805664
      epoch 30/100 loss=12.321286 validation_mae=13.856719
      early stopping at epoch 32; best_epoch=22
    [GNN][Healthcare][NV-PrT] k=4: best_epoch=22 validation_mae=13.645556
    [GNN][Healthcare][NV-PrT] k=8: train=980, validation=135
      epoch 1/100 loss=29.203734 validation_mae=23.330133
      epoch 5/100 loss=13.323682 validation_mae=14.174789
      epoch 10/100 loss=12.803088 validation_mae=13.807537
      epoch 15/100 loss=12.691087 validation_mae=13.503858
      epoch 20/100 loss=12.497275 validation_mae=13.791286
      epoch 25/100 loss=12.747728 validation_mae=13.736694
      early stopping at epoch 25; best_epoch=15
    [GNN][Healthcare][NV-PrT] k=8: best_epoch=15 validation_mae=13.503858
    [GNN][Healthcare][NV-PrT] k=16: train=980, validation=135
      epoch 1/100 loss=29.429710 validation_mae=24.250835
      epoch 5/100 loss=13.365751 validation_mae=13.752036
      epoch 10/100 loss=12.963040 validation_mae=13.718766
      epoch 15/100 loss=12.822943 validation_mae=13.823056
      early stopping at epoch 18; best_epoch=8
    [GNN][Healthcare][NV-PrT] k=16: best_epoch=8 validation_mae=13.557995
    [GNN][Healthcare][NV-PrT] selected_k=8 refit_epochs=15
    [GNN][Healthcare][NV-PrT] test_mae=18.896580 baseline=16.999953 n=235
    [Healthcare][NV-PrT] fold 2/5: 31.8s
    [GNN][Healthcare][NV-PrT] device=cpu
    [GNN][Healthcare][NV-PrT] k=4: train=924, validation=128
      epoch 1/100 loss=27.225523 validation_mae=22.059837
      epoch 5/100 loss=14.256135 validation_mae=13.215429
      epoch 10/100 loss=13.776470 validation_mae=12.352047
      epoch 15/100 loss=13.730260 validation_mae=12.193741
      epoch 20/100 loss=13.421609 validation_mae=11.867666
      epoch 25/100 loss=13.235667 validation_mae=11.473431
      epoch 30/100 loss=12.965971 validation_mae=11.925461
      epoch 35/100 loss=13.006559 validation_mae=11.693907
      epoch 40/100 loss=12.907223 validation_mae=11.266029
      epoch 45/100 loss=12.763542 validation_mae=11.487266
      epoch 50/100 loss=12.732988 validation_mae=11.737226
      early stopping at epoch 50; best_epoch=40
    [GNN][Healthcare][NV-PrT] k=4: best_epoch=40 validation_mae=11.266029
    [GNN][Healthcare][NV-PrT] k=8: train=924, validation=128
      epoch 1/100 loss=27.624672 validation_mae=23.347996
      epoch 5/100 loss=14.237705 validation_mae=13.343226
      epoch 10/100 loss=13.931726 validation_mae=12.657640
      epoch 15/100 loss=13.562141 validation_mae=12.201573
      epoch 20/100 loss=13.348879 validation_mae=11.896788
      epoch 25/100 loss=13.106223 validation_mae=11.662680
      epoch 30/100 loss=12.875466 validation_mae=11.637911
      epoch 35/100 loss=12.876206 validation_mae=11.411805
      epoch 40/100 loss=12.880920 validation_mae=11.855776
      early stopping at epoch 44; best_epoch=34
    [GNN][Healthcare][NV-PrT] k=8: best_epoch=34 validation_mae=11.403431
    [GNN][Healthcare][NV-PrT] k=16: train=924, validation=128
      epoch 1/100 loss=27.651452 validation_mae=22.928253
      epoch 5/100 loss=14.366290 validation_mae=13.282717
      epoch 10/100 loss=13.908308 validation_mae=12.852534
      epoch 15/100 loss=13.628135 validation_mae=12.474121
      epoch 20/100 loss=13.383264 validation_mae=12.281834
      epoch 25/100 loss=13.335232 validation_mae=11.858202
      epoch 30/100 loss=13.086319 validation_mae=11.598634
      epoch 35/100 loss=13.046487 validation_mae=11.741227
      epoch 40/100 loss=13.014788 validation_mae=11.476635
      early stopping at epoch 44; best_epoch=34
    [GNN][Healthcare][NV-PrT] k=16: best_epoch=34 validation_mae=11.430842
    [GNN][Healthcare][NV-PrT] selected_k=4 refit_epochs=40
    [GNN][Healthcare][NV-PrT] test_mae=16.541239 baseline=18.735732 n=298
    [Healthcare][NV-PrT] fold 3/5: 57.2s
    [GNN][Healthcare][NV-PrT] device=cpu
    [GNN][Healthcare][NV-PrT] k=4: train=959, validation=128
      epoch 1/100 loss=28.134052 validation_mae=21.750870
      epoch 5/100 loss=13.697017 validation_mae=15.573141
      epoch 10/100 loss=13.544440 validation_mae=15.621382
      epoch 15/100 loss=13.273147 validation_mae=15.791367
      early stopping at epoch 19; best_epoch=9
    [GNN][Healthcare][NV-PrT] k=4: best_epoch=9 validation_mae=15.256781
    [GNN][Healthcare][NV-PrT] k=8: train=959, validation=128
      epoch 1/100 loss=28.231132 validation_mae=21.631302
      epoch 5/100 loss=13.853032 validation_mae=15.780796
      epoch 10/100 loss=13.410932 validation_mae=14.924635
      epoch 15/100 loss=13.428250 validation_mae=15.353197
      epoch 20/100 loss=13.094427 validation_mae=15.491030
      early stopping at epoch 22; best_epoch=12
    [GNN][Healthcare][NV-PrT] k=8: best_epoch=12 validation_mae=14.878827
    [GNN][Healthcare][NV-PrT] k=16: train=959, validation=128
      epoch 1/100 loss=28.551691 validation_mae=22.792969
      epoch 5/100 loss=13.730045 validation_mae=15.647984
      epoch 10/100 loss=13.442685 validation_mae=15.684861
      epoch 15/100 loss=13.185570 validation_mae=16.004864
      epoch 20/100 loss=13.275715 validation_mae=15.822556
      early stopping at epoch 24; best_epoch=14
    [GNN][Healthcare][NV-PrT] k=16: best_epoch=14 validation_mae=14.613108
    [GNN][Healthcare][NV-PrT] selected_k=16 refit_epochs=14
    [GNN][Healthcare][NV-PrT] test_mae=15.363144 baseline=17.555335 n=263
    [Healthcare][NV-PrT] fold 4/5: 27.6s
    [GNN][Healthcare][NV-PrT] device=cpu
    [GNN][Healthcare][NV-PrT] k=4: train=938, validation=142
      epoch 1/100 loss=27.709754 validation_mae=25.030979
      epoch 5/100 loss=14.818789 validation_mae=14.205723
      epoch 10/100 loss=14.459715 validation_mae=14.276516
      epoch 15/100 loss=14.379334 validation_mae=13.996246
      epoch 20/100 loss=13.958979 validation_mae=13.271979
      epoch 25/100 loss=13.746139 validation_mae=13.290504
      epoch 30/100 loss=13.559801 validation_mae=13.396876
      epoch 35/100 loss=13.427548 validation_mae=13.343205
      epoch 40/100 loss=13.461676 validation_mae=12.993725
      epoch 45/100 loss=13.504073 validation_mae=12.953416
      early stopping at epoch 46; best_epoch=36
    [GNN][Healthcare][NV-PrT] k=4: best_epoch=36 validation_mae=12.881678
    [GNN][Healthcare][NV-PrT] k=8: train=938, validation=142
      epoch 1/100 loss=28.346432 validation_mae=26.791653
      epoch 5/100 loss=14.971786 validation_mae=13.857441
      epoch 10/100 loss=14.343611 validation_mae=12.995889
      epoch 15/100 loss=14.173540 validation_mae=12.391433
      epoch 20/100 loss=14.079786 validation_mae=12.740575
      epoch 25/100 loss=13.762504 validation_mae=12.147197
      epoch 30/100 loss=13.934005 validation_mae=12.542387
      epoch 35/100 loss=13.748422 validation_mae=12.221136
      early stopping at epoch 37; best_epoch=27
    [GNN][Healthcare][NV-PrT] k=8: best_epoch=27 validation_mae=11.944911
    [GNN][Healthcare][NV-PrT] k=16: train=938, validation=142
      epoch 1/100 loss=28.294924 validation_mae=25.841446
      epoch 5/100 loss=14.923203 validation_mae=13.902329
      epoch 10/100 loss=14.431212 validation_mae=14.049458
      epoch 15/100 loss=14.034493 validation_mae=13.822589
      epoch 20/100 loss=14.156216 validation_mae=13.823225
      epoch 25/100 loss=13.763850 validation_mae=13.230330
      epoch 30/100 loss=13.869551 validation_mae=13.068548
      epoch 35/100 loss=13.700839 validation_mae=12.979325
      epoch 40/100 loss=13.602695 validation_mae=13.020826
      epoch 45/100 loss=13.620254 validation_mae=13.072342
      early stopping at epoch 47; best_epoch=37
    [GNN][Healthcare][NV-PrT] k=16: best_epoch=37 validation_mae=12.732769
    [GNN][Healthcare][NV-PrT] selected_k=8 refit_epochs=27
    [GNN][Healthcare][NV-PrT] test_mae=13.727369 baseline=16.431693 n=270
    [Healthcare][NV-PrT] fold 5/5: 53.6s
  [NV-PrT] 201.6s
    [GNN][Healthcare][NV-PaT] device=cpu
    [GNN][Healthcare][NV-PaT] k=4: train=945, validation=121
      epoch 1/100 loss=16.465599 validation_mae=11.721223
      epoch 5/100 loss=8.157788 validation_mae=7.059954
      epoch 10/100 loss=7.915541 validation_mae=6.768431
      epoch 15/100 loss=7.898875 validation_mae=6.400099
      early stopping at epoch 17; best_epoch=7
    [GNN][Healthcare][NV-PaT] k=4: best_epoch=7 validation_mae=6.080333
    [GNN][Healthcare][NV-PaT] k=8: train=945, validation=121
      epoch 1/100 loss=16.885609 validation_mae=13.122912
      epoch 5/100 loss=8.251792 validation_mae=6.979105
      epoch 10/100 loss=8.118031 validation_mae=6.747499
      epoch 15/100 loss=7.832444 validation_mae=6.733173
      early stopping at epoch 19; best_epoch=9
    [GNN][Healthcare][NV-PaT] k=8: best_epoch=9 validation_mae=6.194512
    [GNN][Healthcare][NV-PaT] k=16: train=945, validation=121
      epoch 1/100 loss=16.534831 validation_mae=12.002012
      epoch 5/100 loss=8.184501 validation_mae=6.829508
      epoch 10/100 loss=8.095391 validation_mae=6.813606
      epoch 15/100 loss=8.047033 validation_mae=7.026299
      early stopping at epoch 18; best_epoch=8
    [GNN][Healthcare][NV-PaT] k=16: best_epoch=8 validation_mae=6.135881
    [GNN][Healthcare][NV-PaT] selected_k=4 refit_epochs=7
    [GNN][Healthcare][NV-PaT] test_mae=7.169093 baseline=12.945190 n=284
    [Healthcare][NV-PaT] fold 1/5: 21.7s
    [GNN][Healthcare][NV-PaT] device=cpu
    [GNN][Healthcare][NV-PaT] k=4: train=980, validation=135
      epoch 1/100 loss=17.028033 validation_mae=12.964485
      epoch 5/100 loss=8.086995 validation_mae=6.858830
      epoch 10/100 loss=7.653219 validation_mae=6.446804
      epoch 15/100 loss=7.513300 validation_mae=6.600970
      epoch 20/100 loss=7.448623 validation_mae=6.618351
      early stopping at epoch 20; best_epoch=10
    [GNN][Healthcare][NV-PaT] k=4: best_epoch=10 validation_mae=6.446804
    [GNN][Healthcare][NV-PaT] k=8: train=980, validation=135
      epoch 1/100 loss=17.209755 validation_mae=13.911934
      epoch 5/100 loss=7.933566 validation_mae=6.579205
      epoch 10/100 loss=7.657291 validation_mae=6.382666
      epoch 15/100 loss=7.473823 validation_mae=6.535585
      early stopping at epoch 19; best_epoch=9
    [GNN][Healthcare][NV-PaT] k=8: best_epoch=9 validation_mae=6.316898
    [GNN][Healthcare][NV-PaT] k=16: train=980, validation=135
      epoch 1/100 loss=17.634282 validation_mae=15.162089
      epoch 5/100 loss=8.119420 validation_mae=6.337608
      epoch 10/100 loss=7.814430 validation_mae=6.343040
      epoch 15/100 loss=7.644470 validation_mae=6.555201
      early stopping at epoch 18; best_epoch=8
    [GNN][Healthcare][NV-PaT] k=16: best_epoch=8 validation_mae=6.279709
    [GNN][Healthcare][NV-PaT] selected_k=16 refit_epochs=8
    [GNN][Healthcare][NV-PaT] test_mae=7.316912 baseline=11.131936 n=235
    [Healthcare][NV-PaT] fold 2/5: 23.6s
    [GNN][Healthcare][NV-PaT] device=cpu
    [GNN][Healthcare][NV-PaT] k=4: train=924, validation=128
      epoch 1/100 loss=15.712748 validation_mae=16.727377
      epoch 5/100 loss=7.384121 validation_mae=9.974278
      epoch 10/100 loss=7.185259 validation_mae=9.713106
      epoch 15/100 loss=6.999676 validation_mae=9.355089
      epoch 20/100 loss=6.862305 validation_mae=9.137899
      epoch 25/100 loss=6.890872 validation_mae=9.145393
      epoch 30/100 loss=6.771227 validation_mae=9.185214
      epoch 35/100 loss=6.719558 validation_mae=9.226271
      early stopping at epoch 37; best_epoch=27
    [GNN][Healthcare][NV-PaT] k=4: best_epoch=27 validation_mae=9.021065
    [GNN][Healthcare][NV-PaT] k=8: train=924, validation=128
      epoch 1/100 loss=15.759215 validation_mae=16.772493
      epoch 5/100 loss=7.381275 validation_mae=10.223558
      epoch 10/100 loss=7.130836 validation_mae=9.663095
      epoch 15/100 loss=6.989309 validation_mae=9.410887
      epoch 20/100 loss=6.978093 validation_mae=9.277138
      epoch 25/100 loss=6.828116 validation_mae=9.247585
      epoch 30/100 loss=6.884866 validation_mae=9.269405
      epoch 35/100 loss=6.773292 validation_mae=9.299428
      early stopping at epoch 38; best_epoch=28
    [GNN][Healthcare][NV-PaT] k=8: best_epoch=28 validation_mae=9.209492
    [GNN][Healthcare][NV-PaT] k=16: train=924, validation=128
      epoch 1/100 loss=16.121193 validation_mae=17.812563
      epoch 5/100 loss=7.415045 validation_mae=10.060995
      epoch 10/100 loss=7.179377 validation_mae=9.637820
      epoch 15/100 loss=7.024527 validation_mae=9.283581
      epoch 20/100 loss=6.935232 validation_mae=9.140574
      epoch 25/100 loss=6.888415 validation_mae=9.146610
      epoch 30/100 loss=6.735079 validation_mae=9.072598
      epoch 35/100 loss=6.657251 validation_mae=9.000882
      epoch 40/100 loss=6.664799 validation_mae=9.035126
      early stopping at epoch 43; best_epoch=33
    [GNN][Healthcare][NV-PaT] k=16: best_epoch=33 validation_mae=8.933865
    [GNN][Healthcare][NV-PaT] selected_k=16 refit_epochs=33
    [GNN][Healthcare][NV-PaT] test_mae=8.626850 baseline=14.081272 n=298
    [Healthcare][NV-PaT] fold 3/5: 49.2s
    [GNN][Healthcare][NV-PaT] device=cpu
    [GNN][Healthcare][NV-PaT] k=4: train=959, validation=128
      epoch 1/100 loss=16.588436 validation_mae=13.910255
      epoch 5/100 loss=7.600517 validation_mae=8.835333
      epoch 10/100 loss=7.369536 validation_mae=8.437002
      epoch 15/100 loss=7.218154 validation_mae=8.663998
      epoch 20/100 loss=7.176663 validation_mae=8.552357
      early stopping at epoch 20; best_epoch=10
    [GNN][Healthcare][NV-PaT] k=4: best_epoch=10 validation_mae=8.437002
    [GNN][Healthcare][NV-PaT] k=8: train=959, validation=128
      epoch 1/100 loss=16.841944 validation_mae=14.646819
      epoch 5/100 loss=7.508939 validation_mae=8.911782
      epoch 10/100 loss=7.322685 validation_mae=8.706551
      epoch 15/100 loss=7.296333 validation_mae=8.885891
      epoch 20/100 loss=7.269759 validation_mae=8.587610
      epoch 25/100 loss=7.188953 validation_mae=9.166506
      early stopping at epoch 28; best_epoch=18
    [GNN][Healthcare][NV-PaT] k=8: best_epoch=18 validation_mae=8.236474
    [GNN][Healthcare][NV-PaT] k=16: train=959, validation=128
      epoch 1/100 loss=16.394443 validation_mae=13.273357
      epoch 5/100 loss=7.591896 validation_mae=8.893978
      epoch 10/100 loss=7.364654 validation_mae=8.694880
      epoch 15/100 loss=7.233063 validation_mae=8.857721
      early stopping at epoch 17; best_epoch=7
    [GNN][Healthcare][NV-PaT] k=16: best_epoch=7 validation_mae=8.379560
    [GNN][Healthcare][NV-PaT] selected_k=8 refit_epochs=18
    [GNN][Healthcare][NV-PaT] test_mae=9.413479 baseline=12.692977 n=263
    [Healthcare][NV-PaT] fold 4/5: 29.5s
    [GNN][Healthcare][NV-PaT] device=cpu
    [GNN][Healthcare][NV-PaT] k=4: train=938, validation=142
      epoch 1/100 loss=16.310415 validation_mae=12.702521
      epoch 5/100 loss=7.936816 validation_mae=6.678212
      epoch 10/100 loss=7.615146 validation_mae=6.468506
      epoch 15/100 loss=7.367158 validation_mae=6.593623
      epoch 20/100 loss=7.379108 validation_mae=6.065571
      epoch 25/100 loss=7.188093 validation_mae=6.223674
      epoch 30/100 loss=7.489897 validation_mae=6.230933
      early stopping at epoch 30; best_epoch=20
    [GNN][Healthcare][NV-PaT] k=4: best_epoch=20 validation_mae=6.065571
    [GNN][Healthcare][NV-PaT] k=8: train=938, validation=142
      epoch 1/100 loss=17.040720 validation_mae=14.291713
      epoch 5/100 loss=8.121006 validation_mae=6.791911
      epoch 10/100 loss=7.616892 validation_mae=6.568058
      epoch 15/100 loss=7.537122 validation_mae=6.209072
      epoch 20/100 loss=7.572319 validation_mae=6.198834
      epoch 25/100 loss=7.486540 validation_mae=6.114357
      epoch 30/100 loss=7.347188 validation_mae=6.051082
      epoch 35/100 loss=7.310028 validation_mae=6.098371
      epoch 40/100 loss=7.144249 validation_mae=5.882946
      epoch 45/100 loss=7.139583 validation_mae=5.886119
      epoch 50/100 loss=6.981311 validation_mae=5.898328
      epoch 55/100 loss=7.278348 validation_mae=5.959677
      epoch 60/100 loss=7.245290 validation_mae=5.890945
      epoch 65/100 loss=7.270432 validation_mae=5.878494
      early stopping at epoch 67; best_epoch=57
    [GNN][Healthcare][NV-PaT] k=8: best_epoch=57 validation_mae=5.795297
    [GNN][Healthcare][NV-PaT] k=16: train=938, validation=142
      epoch 1/100 loss=16.445729 validation_mae=13.341932
      epoch 5/100 loss=7.958615 validation_mae=6.943314
      epoch 10/100 loss=7.592520 validation_mae=6.630784
      epoch 15/100 loss=7.409204 validation_mae=6.143746
      epoch 20/100 loss=7.496252 validation_mae=6.211756
      epoch 25/100 loss=7.307181 validation_mae=6.054181
      epoch 30/100 loss=7.472992 validation_mae=5.989547
      epoch 35/100 loss=7.441224 validation_mae=5.873096
      epoch 40/100 loss=7.345871 validation_mae=5.851115
      epoch 45/100 loss=7.289211 validation_mae=5.833064
      epoch 50/100 loss=7.362291 validation_mae=6.151824
      epoch 55/100 loss=7.179704 validation_mae=5.874264
      early stopping at epoch 55; best_epoch=45
    [GNN][Healthcare][NV-PaT] k=16: best_epoch=45 validation_mae=5.833064
    [GNN][Healthcare][NV-PaT] selected_k=8 refit_epochs=57
    [GNN][Healthcare][NV-PaT] test_mae=8.432684 baseline=13.400741 n=270
    [Healthcare][NV-PaT] fold 5/5: 71.0s
  [NV-PaT] 195.0s
    [GNN][Healthcare][NV-NMPr] device=cpu
    [GNN][Healthcare][NV-NMPr] k=4: train=945, validation=121
      epoch 1/100 loss=4.120744 validation_mae=2.344924
      epoch 5/100 loss=1.725370 validation_mae=2.225446
      epoch 10/100 loss=1.661773 validation_mae=2.316059
      epoch 15/100 loss=1.671346 validation_mae=2.298627
      early stopping at epoch 17; best_epoch=7
    [GNN][Healthcare][NV-NMPr] k=4: best_epoch=7 validation_mae=2.143952
    [GNN][Healthcare][NV-NMPr] k=8: train=945, validation=121
      epoch 1/100 loss=4.410888 validation_mae=2.743918
      epoch 5/100 loss=1.726654 validation_mae=2.489213
      epoch 10/100 loss=1.703119 validation_mae=2.235283
      epoch 15/100 loss=1.677779 validation_mae=2.427538
      epoch 20/100 loss=1.699179 validation_mae=2.054844
      epoch 25/100 loss=1.687859 validation_mae=2.455465
      epoch 30/100 loss=1.705419 validation_mae=2.298360
      early stopping at epoch 30; best_epoch=20
    [GNN][Healthcare][NV-NMPr] k=8: best_epoch=20 validation_mae=2.054844
    [GNN][Healthcare][NV-NMPr] k=16: train=945, validation=121
      epoch 1/100 loss=4.534795 validation_mae=2.505751
      epoch 5/100 loss=1.691354 validation_mae=2.247297
      epoch 10/100 loss=1.712917 validation_mae=2.154946
      early stopping at epoch 12; best_epoch=2
    [GNN][Healthcare][NV-NMPr] k=16: best_epoch=2 validation_mae=2.083380
    [GNN][Healthcare][NV-NMPr] selected_k=8 refit_epochs=20
    [GNN][Healthcare][NV-NMPr] test_mae=2.082970 baseline=3.000000 n=284
    [Healthcare][NV-NMPr] fold 1/5: 27.7s
    [GNN][Healthcare][NV-NMPr] device=cpu
    [GNN][Healthcare][NV-NMPr] k=4: train=980, validation=135
      epoch 1/100 loss=4.223660 validation_mae=2.497344
      epoch 5/100 loss=1.558848 validation_mae=2.144141
      epoch 10/100 loss=1.542095 validation_mae=2.144201
      epoch 15/100 loss=1.533973 validation_mae=2.168858
      early stopping at epoch 18; best_epoch=8
    [GNN][Healthcare][NV-NMPr] k=4: best_epoch=8 validation_mae=2.132377
    [GNN][Healthcare][NV-NMPr] k=8: train=980, validation=135
      epoch 1/100 loss=4.795767 validation_mae=2.875131
      epoch 5/100 loss=1.547155 validation_mae=2.099447
      epoch 10/100 loss=1.495862 validation_mae=2.117172
      epoch 15/100 loss=1.548570 validation_mae=2.142428
      early stopping at epoch 18; best_epoch=8
    [GNN][Healthcare][NV-NMPr] k=8: best_epoch=8 validation_mae=2.096855
    [GNN][Healthcare][NV-NMPr] k=16: train=980, validation=135
      epoch 1/100 loss=4.389599 validation_mae=2.488956
      epoch 5/100 loss=1.532309 validation_mae=2.105319
      epoch 10/100 loss=1.540120 validation_mae=2.138731
      epoch 15/100 loss=1.497455 validation_mae=2.185462
      early stopping at epoch 15; best_epoch=5
    [GNN][Healthcare][NV-NMPr] k=16: best_epoch=5 validation_mae=2.105319
    [GNN][Healthcare][NV-NMPr] selected_k=8 refit_epochs=8
    [GNN][Healthcare][NV-NMPr] test_mae=2.669569 baseline=2.429787 n=235
    [Healthcare][NV-NMPr] fold 2/5: 21.6s
    [GNN][Healthcare][NV-NMPr] device=cpu
    [GNN][Healthcare][NV-NMPr] k=4: train=924, validation=128
      epoch 1/100 loss=4.018998 validation_mae=2.623495
      epoch 5/100 loss=1.704151 validation_mae=2.051513
      epoch 10/100 loss=1.613846 validation_mae=1.961107
      epoch 15/100 loss=1.595767 validation_mae=1.890146
      epoch 20/100 loss=1.583991 validation_mae=1.849673
      epoch 25/100 loss=1.568003 validation_mae=1.891566
      epoch 30/100 loss=1.509412 validation_mae=2.097144
      early stopping at epoch 30; best_epoch=20
    [GNN][Healthcare][NV-NMPr] k=4: best_epoch=20 validation_mae=1.849673
    [GNN][Healthcare][NV-NMPr] k=8: train=924, validation=128
      epoch 1/100 loss=4.360508 validation_mae=2.817234
      epoch 5/100 loss=1.683413 validation_mae=2.081021
      epoch 10/100 loss=1.655750 validation_mae=2.002654
      epoch 15/100 loss=1.593582 validation_mae=1.893260
      epoch 20/100 loss=1.562151 validation_mae=1.864005
      epoch 25/100 loss=1.540667 validation_mae=1.912596
      epoch 30/100 loss=1.561476 validation_mae=1.975622
      early stopping at epoch 30; best_epoch=20
    [GNN][Healthcare][NV-NMPr] k=8: best_epoch=20 validation_mae=1.864005
    [GNN][Healthcare][NV-NMPr] k=16: train=924, validation=128
      epoch 1/100 loss=3.979445 validation_mae=2.475893
      epoch 5/100 loss=1.688007 validation_mae=2.082904
      epoch 10/100 loss=1.664458 validation_mae=2.112676
      epoch 15/100 loss=1.587149 validation_mae=1.992277
      epoch 20/100 loss=1.578526 validation_mae=1.985664
      epoch 25/100 loss=1.593203 validation_mae=1.957572
      epoch 30/100 loss=1.557689 validation_mae=1.950835
      early stopping at epoch 31; best_epoch=21
    [GNN][Healthcare][NV-NMPr] k=16: best_epoch=21 validation_mae=1.889391
    [GNN][Healthcare][NV-NMPr] selected_k=4 refit_epochs=20
    [GNN][Healthcare][NV-NMPr] test_mae=2.502212 baseline=3.100671 n=298
    [Healthcare][NV-NMPr] fold 3/5: 36.6s
    [GNN][Healthcare][NV-NMPr] device=cpu
    [GNN][Healthcare][NV-NMPr] k=4: train=959, validation=128
      epoch 1/100 loss=4.127315 validation_mae=2.582844
      epoch 5/100 loss=1.697102 validation_mae=2.415595
      epoch 10/100 loss=1.683342 validation_mae=2.383549
      epoch 15/100 loss=1.643111 validation_mae=2.331892
      early stopping at epoch 17; best_epoch=7
    [GNN][Healthcare][NV-NMPr] k=4: best_epoch=7 validation_mae=2.223244
    [GNN][Healthcare][NV-NMPr] k=8: train=959, validation=128
      epoch 1/100 loss=4.703916 validation_mae=2.675646
      epoch 5/100 loss=1.714840 validation_mae=2.427994
      epoch 10/100 loss=1.683230 validation_mae=2.514745
      early stopping at epoch 13; best_epoch=3
    [GNN][Healthcare][NV-NMPr] k=8: best_epoch=3 validation_mae=2.279801
    [GNN][Healthcare][NV-NMPr] k=16: train=959, validation=128
      epoch 1/100 loss=4.639642 validation_mae=2.763252
      epoch 5/100 loss=1.697160 validation_mae=2.355130
      epoch 10/100 loss=1.681839 validation_mae=2.344695
      early stopping at epoch 14; best_epoch=4
    [GNN][Healthcare][NV-NMPr] k=16: best_epoch=4 validation_mae=2.312372
    [GNN][Healthcare][NV-NMPr] selected_k=4 refit_epochs=7
    [GNN][Healthcare][NV-NMPr] test_mae=2.111416 baseline=2.722433 n=263
    [Healthcare][NV-NMPr] fold 4/5: 20.1s
    [GNN][Healthcare][NV-NMPr] device=cpu
    [GNN][Healthcare][NV-NMPr] k=4: train=938, validation=142
      epoch 1/100 loss=4.064417 validation_mae=2.788819
      epoch 5/100 loss=1.737295 validation_mae=2.206580
      epoch 10/100 loss=1.698839 validation_mae=2.166806
      epoch 15/100 loss=1.630735 validation_mae=2.175882
      epoch 20/100 loss=1.595521 validation_mae=1.943788
      epoch 25/100 loss=1.591078 validation_mae=2.005045
      epoch 30/100 loss=1.580361 validation_mae=2.133884
      early stopping at epoch 30; best_epoch=20
    [GNN][Healthcare][NV-NMPr] k=4: best_epoch=20 validation_mae=1.943788
    [GNN][Healthcare][NV-NMPr] k=8: train=938, validation=142
      epoch 1/100 loss=4.610533 validation_mae=3.313046
      epoch 5/100 loss=1.784240 validation_mae=2.075029
      epoch 10/100 loss=1.699883 validation_mae=2.003247
      epoch 15/100 loss=1.681227 validation_mae=2.035674
      epoch 20/100 loss=1.676457 validation_mae=2.114298
      epoch 25/100 loss=1.623580 validation_mae=1.976776
      epoch 30/100 loss=1.589618 validation_mae=2.011506
      epoch 35/100 loss=1.623793 validation_mae=2.033684
      early stopping at epoch 36; best_epoch=26
    [GNN][Healthcare][NV-NMPr] k=8: best_epoch=26 validation_mae=1.934183
    [GNN][Healthcare][NV-NMPr] k=16: train=938, validation=142
      epoch 1/100 loss=4.247383 validation_mae=2.917526
      epoch 5/100 loss=1.758860 validation_mae=2.174660
      epoch 10/100 loss=1.679370 validation_mae=2.116071
      epoch 15/100 loss=1.684382 validation_mae=2.004744
      epoch 20/100 loss=1.594117 validation_mae=2.058802
      epoch 25/100 loss=1.578463 validation_mae=2.024583
      early stopping at epoch 28; best_epoch=18
    [GNN][Healthcare][NV-NMPr] k=16: best_epoch=18 validation_mae=1.997226
    [GNN][Healthcare][NV-NMPr] selected_k=8 refit_epochs=26
    [GNN][Healthcare][NV-NMPr] test_mae=2.228332 baseline=2.848148 n=270
    [Healthcare][NV-NMPr] fold 5/5: 45.1s
  [NV-NMPr] 151.3s
    [GNN][Healthcare][OB-M] device=cpu
    [GNN][Healthcare][OB-M] k=4: train=945, validation=121
      epoch 1/100 loss=0.000000 validation_f1_macro=1.000000
      epoch 5/100 loss=0.000000 validation_f1_macro=1.000000
      epoch 10/100 loss=0.000000 validation_f1_macro=1.000000
      early stopping at epoch 11; best_epoch=1
    [GNN][Healthcare][OB-M] k=4: best_epoch=1 validation_f1_macro=1.000000
    [GNN][Healthcare][OB-M] k=8: train=945, validation=121
      epoch 1/100 loss=0.000000 validation_f1_macro=1.000000
      epoch 5/100 loss=0.000000 validation_f1_macro=1.000000
      epoch 10/100 loss=0.000000 validation_f1_macro=1.000000
      early stopping at epoch 11; best_epoch=1
    [GNN][Healthcare][OB-M] k=8: best_epoch=1 validation_f1_macro=1.000000
    [GNN][Healthcare][OB-M] k=16: train=945, validation=121
      epoch 1/100 loss=0.000000 validation_f1_macro=1.000000
      epoch 5/100 loss=0.000000 validation_f1_macro=1.000000
      epoch 10/100 loss=0.000000 validation_f1_macro=1.000000
      early stopping at epoch 11; best_epoch=1
    [GNN][Healthcare][OB-M] k=16: best_epoch=1 validation_f1_macro=1.000000
    [GNN][Healthcare][OB-M] selected_k=4 refit_epochs=1
    [GNN][Healthcare][OB-M] test_f1_macro=1.000000 baseline=1.000000 n=284
    [Healthcare][OB-M] fold 1/5: 14.3s
    [GNN][Healthcare][OB-M] device=cpu
    [GNN][Healthcare][OB-M] k=4: train=980, validation=135
      epoch 1/100 loss=0.000000 validation_f1_macro=1.000000
      epoch 5/100 loss=0.000000 validation_f1_macro=1.000000
      epoch 10/100 loss=0.000000 validation_f1_macro=1.000000
      early stopping at epoch 11; best_epoch=1
    [GNN][Healthcare][OB-M] k=4: best_epoch=1 validation_f1_macro=1.000000
    [GNN][Healthcare][OB-M] k=8: train=980, validation=135
      epoch 1/100 loss=0.000000 validation_f1_macro=1.000000
      epoch 5/100 loss=0.000000 validation_f1_macro=1.000000
      epoch 10/100 loss=0.000000 validation_f1_macro=1.000000
      early stopping at epoch 11; best_epoch=1
    [GNN][Healthcare][OB-M] k=8: best_epoch=1 validation_f1_macro=1.000000
    [GNN][Healthcare][OB-M] k=16: train=980, validation=135
      epoch 1/100 loss=0.000000 validation_f1_macro=1.000000
      epoch 5/100 loss=0.000000 validation_f1_macro=1.000000
      epoch 10/100 loss=0.000000 validation_f1_macro=1.000000
      early stopping at epoch 11; best_epoch=1
    [GNN][Healthcare][OB-M] k=16: best_epoch=1 validation_f1_macro=1.000000
    [GNN][Healthcare][OB-M] selected_k=4 refit_epochs=1
    [GNN][Healthcare][OB-M] test_f1_macro=1.000000 baseline=1.000000 n=235
    [Healthcare][OB-M] fold 2/5: 14.6s
    [GNN][Healthcare][OB-M] device=cpu
    [GNN][Healthcare][OB-M] k=4: train=924, validation=128
      epoch 1/100 loss=0.000000 validation_f1_macro=1.000000
      epoch 5/100 loss=0.000000 validation_f1_macro=1.000000
      epoch 10/100 loss=0.000000 validation_f1_macro=1.000000
      early stopping at epoch 11; best_epoch=1
    [GNN][Healthcare][OB-M] k=4: best_epoch=1 validation_f1_macro=1.000000
    [GNN][Healthcare][OB-M] k=8: train=924, validation=128
      epoch 1/100 loss=0.000000 validation_f1_macro=1.000000
      epoch 5/100 loss=0.000000 validation_f1_macro=1.000000
      epoch 10/100 loss=0.000000 validation_f1_macro=1.000000
      early stopping at epoch 11; best_epoch=1
    [GNN][Healthcare][OB-M] k=8: best_epoch=1 validation_f1_macro=1.000000
    [GNN][Healthcare][OB-M] k=16: train=924, validation=128
      epoch 1/100 loss=0.000000 validation_f1_macro=1.000000
      epoch 5/100 loss=0.000000 validation_f1_macro=1.000000
      epoch 10/100 loss=0.000000 validation_f1_macro=1.000000
      early stopping at epoch 11; best_epoch=1
    [GNN][Healthcare][OB-M] k=16: best_epoch=1 validation_f1_macro=1.000000
    [GNN][Healthcare][OB-M] selected_k=4 refit_epochs=1
    [GNN][Healthcare][OB-M] test_f1_macro=1.000000 baseline=1.000000 n=298
    [Healthcare][OB-M] fold 3/5: 13.9s
    [GNN][Healthcare][OB-M] device=cpu
    [GNN][Healthcare][OB-M] k=4: train=959, validation=128
      epoch 1/100 loss=0.000000 validation_f1_macro=1.000000
      epoch 5/100 loss=0.000000 validation_f1_macro=1.000000
      epoch 10/100 loss=0.000000 validation_f1_macro=1.000000
      early stopping at epoch 11; best_epoch=1
    [GNN][Healthcare][OB-M] k=4: best_epoch=1 validation_f1_macro=1.000000
    [GNN][Healthcare][OB-M] k=8: train=959, validation=128
      epoch 1/100 loss=0.000000 validation_f1_macro=1.000000
      epoch 5/100 loss=0.000000 validation_f1_macro=1.000000
      epoch 10/100 loss=0.000000 validation_f1_macro=1.000000
      early stopping at epoch 11; best_epoch=1
    [GNN][Healthcare][OB-M] k=8: best_epoch=1 validation_f1_macro=1.000000
    [GNN][Healthcare][OB-M] k=16: train=959, validation=128
      epoch 1/100 loss=0.000000 validation_f1_macro=1.000000
      epoch 5/100 loss=0.000000 validation_f1_macro=1.000000
      epoch 10/100 loss=0.000000 validation_f1_macro=1.000000
      early stopping at epoch 11; best_epoch=1
    [GNN][Healthcare][OB-M] k=16: best_epoch=1 validation_f1_macro=1.000000
    [GNN][Healthcare][OB-M] selected_k=4 refit_epochs=1
    [GNN][Healthcare][OB-M] test_f1_macro=1.000000 baseline=1.000000 n=263
    [Healthcare][OB-M] fold 4/5: 14.2s
    [GNN][Healthcare][OB-M] device=cpu
    [GNN][Healthcare][OB-M] k=4: train=938, validation=142
      epoch 1/100 loss=0.000000 validation_f1_macro=1.000000
      epoch 5/100 loss=0.000000 validation_f1_macro=1.000000
      epoch 10/100 loss=0.000000 validation_f1_macro=1.000000
      early stopping at epoch 11; best_epoch=1
    [GNN][Healthcare][OB-M] k=4: best_epoch=1 validation_f1_macro=1.000000
    [GNN][Healthcare][OB-M] k=8: train=938, validation=142
      epoch 1/100 loss=0.000000 validation_f1_macro=1.000000
      epoch 5/100 loss=0.000000 validation_f1_macro=1.000000
      epoch 10/100 loss=0.000000 validation_f1_macro=1.000000
      early stopping at epoch 11; best_epoch=1
    [GNN][Healthcare][OB-M] k=8: best_epoch=1 validation_f1_macro=1.000000
    [GNN][Healthcare][OB-M] k=16: train=938, validation=142
      epoch 1/100 loss=0.000000 validation_f1_macro=1.000000
      epoch 5/100 loss=0.000000 validation_f1_macro=1.000000
      epoch 10/100 loss=0.000000 validation_f1_macro=1.000000
      early stopping at epoch 11; best_epoch=1
    [GNN][Healthcare][OB-M] k=16: best_epoch=1 validation_f1_macro=1.000000
    [GNN][Healthcare][OB-M] selected_k=4 refit_epochs=1
    [GNN][Healthcare][OB-M] test_f1_macro=1.000000 baseline=1.000000 n=270
    [Healthcare][OB-M] fold 5/5: 14.4s
  [OB-M] 71.5s
  [time] Healthcare total: 964.5s

===== RQ3 LOG: Artificial1 =====
Applying feature extraction to process executions
  0%|          | 0/100 [00:00<?, ?it/s]100%|##########| 100/100 [00:00<00:00, 2360.50it/s]
    [GNN][Artificial1][NE-NPaA] device=cpu
    [GNN][Artificial1][NE-NPaA] k=4: train=490, validation=70
      epoch 1/100 loss=0.643079 validation_f1_macro=0.683388
      epoch 5/100 loss=0.531615 validation_f1_macro=0.727179
      epoch 10/100 loss=0.465201 validation_f1_macro=0.757093
      epoch 15/100 loss=0.418569 validation_f1_macro=0.757093
      epoch 20/100 loss=0.399430 validation_f1_macro=0.785671
      epoch 25/100 loss=0.401646 validation_f1_macro=0.784615
      epoch 30/100 loss=0.376586 validation_f1_macro=0.784615
      epoch 35/100 loss=0.371465 validation_f1_macro=0.812410
      early stopping at epoch 36; best_epoch=26
    [GNN][Artificial1][NE-NPaA] k=4: best_epoch=26 validation_f1_macro=0.813944
    [GNN][Artificial1][NE-NPaA] k=8: train=490, validation=70
      epoch 1/100 loss=0.671388 validation_f1_macro=0.654605
      epoch 5/100 loss=0.549014 validation_f1_macro=0.742015
      epoch 10/100 loss=0.481106 validation_f1_macro=0.757093
      epoch 15/100 loss=0.442085 validation_f1_macro=0.785671
      epoch 20/100 loss=0.407268 validation_f1_macro=0.800000
      epoch 25/100 loss=0.401111 validation_f1_macro=0.754690
      epoch 30/100 loss=0.369302 validation_f1_macro=0.813944
      epoch 35/100 loss=0.349114 validation_f1_macro=0.813944
      epoch 40/100 loss=0.363009 validation_f1_macro=0.799345
      early stopping at epoch 42; best_epoch=32
    [GNN][Artificial1][NE-NPaA] k=8: best_epoch=32 validation_f1_macro=0.842825
    [GNN][Artificial1][NE-NPaA] k=16: train=490, validation=70
      epoch 1/100 loss=0.677217 validation_f1_macro=0.728072
      epoch 5/100 loss=0.530040 validation_f1_macro=0.727179
      epoch 10/100 loss=0.481649 validation_f1_macro=0.754690
      epoch 15/100 loss=0.424484 validation_f1_macro=0.785671
      epoch 20/100 loss=0.407578 validation_f1_macro=0.785671
      epoch 25/100 loss=0.382210 validation_f1_macro=0.842825
      epoch 30/100 loss=0.358129 validation_f1_macro=0.799837
      epoch 35/100 loss=0.370757 validation_f1_macro=0.799345
      early stopping at epoch 35; best_epoch=25
    [GNN][Artificial1][NE-NPaA] k=16: best_epoch=25 validation_f1_macro=0.842825
    [GNN][Artificial1][NE-NPaA] selected_k=8 refit_epochs=32
    [GNN][Artificial1][NE-NPaA] test_f1_macro=0.799345 baseline=0.339623 n=140
    [Artificial1][NE-NPaA] fold 1/5: 29.2s
    [GNN][Artificial1][NE-NPaA] device=cpu
    [GNN][Artificial1][NE-NPaA] k=4: train=490, validation=70
      epoch 1/100 loss=0.638672 validation_f1_macro=0.696970
      epoch 5/100 loss=0.497200 validation_f1_macro=0.699939
      epoch 10/100 loss=0.434197 validation_f1_macro=0.724009
      epoch 15/100 loss=0.416973 validation_f1_macro=0.764508
      epoch 20/100 loss=0.394768 validation_f1_macro=0.737500
      epoch 25/100 loss=0.388031 validation_f1_macro=0.750994
      early stopping at epoch 25; best_epoch=15
    [GNN][Artificial1][NE-NPaA] k=4: best_epoch=15 validation_f1_macro=0.764508
    [GNN][Artificial1][NE-NPaA] k=8: train=490, validation=70
      epoch 1/100 loss=0.655493 validation_f1_macro=0.676198
      epoch 5/100 loss=0.503891 validation_f1_macro=0.727179
      epoch 10/100 loss=0.432947 validation_f1_macro=0.712171
      epoch 15/100 loss=0.397308 validation_f1_macro=0.713350
      epoch 20/100 loss=0.373644 validation_f1_macro=0.740954
      epoch 25/100 loss=0.380661 validation_f1_macro=0.782112
      epoch 30/100 loss=0.354977 validation_f1_macro=0.766667
      early stopping at epoch 33; best_epoch=23
    [GNN][Artificial1][NE-NPaA] k=8: best_epoch=23 validation_f1_macro=0.798520
    [GNN][Artificial1][NE-NPaA] k=16: train=490, validation=70
      epoch 1/100 loss=0.657787 validation_f1_macro=0.679167
      epoch 5/100 loss=0.482320 validation_f1_macro=0.685458
      epoch 10/100 loss=0.432015 validation_f1_macro=0.714052
      epoch 15/100 loss=0.401423 validation_f1_macro=0.721699
      early stopping at epoch 17; best_epoch=7
    [GNN][Artificial1][NE-NPaA] k=16: best_epoch=7 validation_f1_macro=0.728516
    [GNN][Artificial1][NE-NPaA] selected_k=8 refit_epochs=23
    [GNN][Artificial1][NE-NPaA] test_f1_macro=0.786034 baseline=0.339623 n=140
    [Artificial1][NE-NPaA] fold 2/5: 18.6s
    [GNN][Artificial1][NE-NPaA] device=cpu
    [GNN][Artificial1][NE-NPaA] k=4: train=490, validation=70
      epoch 1/100 loss=0.640797 validation_f1_macro=0.770680
      epoch 5/100 loss=0.519026 validation_f1_macro=0.799837
      epoch 10/100 loss=0.454735 validation_f1_macro=0.785671
      epoch 15/100 loss=0.405084 validation_f1_macro=0.798520
      early stopping at epoch 18; best_epoch=8
    [GNN][Artificial1][NE-NPaA] k=4: best_epoch=8 validation_f1_macro=0.828431
    [GNN][Artificial1][NE-NPaA] k=8: train=490, validation=70
      epoch 1/100 loss=0.665109 validation_f1_macro=0.721699
      epoch 5/100 loss=0.519941 validation_f1_macro=0.814248
      epoch 10/100 loss=0.456784 validation_f1_macro=0.800000
      epoch 15/100 loss=0.428044 validation_f1_macro=0.798520
      early stopping at epoch 18; best_epoch=8
    [GNN][Artificial1][NE-NPaA] k=8: best_epoch=8 validation_f1_macro=0.828571
    [GNN][Artificial1][NE-NPaA] k=16: train=490, validation=70
      epoch 1/100 loss=0.672057 validation_f1_macro=0.742015
      epoch 5/100 loss=0.502982 validation_f1_macro=0.828571
      epoch 10/100 loss=0.432876 validation_f1_macro=0.798520
      epoch 15/100 loss=0.398897 validation_f1_macro=0.799837
      early stopping at epoch 15; best_epoch=5
    [GNN][Artificial1][NE-NPaA] k=16: best_epoch=5 validation_f1_macro=0.828571
    [GNN][Artificial1][NE-NPaA] selected_k=8 refit_epochs=8
    [GNN][Artificial1][NE-NPaA] test_f1_macro=0.742805 baseline=0.339623 n=140
    [Artificial1][NE-NPaA] fold 3/5: 11.7s
    [GNN][Artificial1][NE-NPaA] device=cpu
    [GNN][Artificial1][NE-NPaA] k=4: train=490, validation=70
      epoch 1/100 loss=0.646638 validation_f1_macro=0.646762
      epoch 5/100 loss=0.526693 validation_f1_macro=0.714052
      epoch 10/100 loss=0.441033 validation_f1_macro=0.725830
      early stopping at epoch 12; best_epoch=2
    [GNN][Artificial1][NE-NPaA] k=4: best_epoch=2 validation_f1_macro=0.756696
    [GNN][Artificial1][NE-NPaA] k=8: train=490, validation=70
      epoch 1/100 loss=0.674539 validation_f1_macro=0.712171
      epoch 5/100 loss=0.517191 validation_f1_macro=0.757093
      epoch 10/100 loss=0.446456 validation_f1_macro=0.740954
      epoch 15/100 loss=0.425032 validation_f1_macro=0.737500
      epoch 20/100 loss=0.425777 validation_f1_macro=0.758829
      early stopping at epoch 23; best_epoch=13
    [GNN][Artificial1][NE-NPaA] k=8: best_epoch=13 validation_f1_macro=0.768404
    [GNN][Artificial1][NE-NPaA] k=16: train=490, validation=70
      epoch 1/100 loss=0.668590 validation_f1_macro=0.713350
      epoch 5/100 loss=0.498296 validation_f1_macro=0.757093
      epoch 10/100 loss=0.458187 validation_f1_macro=0.756696
      early stopping at epoch 14; best_epoch=4
    [GNN][Artificial1][NE-NPaA] k=16: best_epoch=4 validation_f1_macro=0.771242
    [GNN][Artificial1][NE-NPaA] selected_k=16 refit_epochs=4
    [GNN][Artificial1][NE-NPaA] test_f1_macro=0.757143 baseline=0.348837 n=140
    [Artificial1][NE-NPaA] fold 4/5: 10.6s
    [GNN][Artificial1][NE-NPaA] device=cpu
    [GNN][Artificial1][NE-NPaA] k=4: train=490, validation=70
      epoch 1/100 loss=0.628480 validation_f1_macro=0.663109
      epoch 5/100 loss=0.497613 validation_f1_macro=0.756696
      epoch 10/100 loss=0.430270 validation_f1_macro=0.769737
      early stopping at epoch 12; best_epoch=2
    [GNN][Artificial1][NE-NPaA] k=4: best_epoch=2 validation_f1_macro=0.771429
    [GNN][Artificial1][NE-NPaA] k=8: train=490, validation=70
      epoch 1/100 loss=0.668807 validation_f1_macro=0.756696
      epoch 5/100 loss=0.487262 validation_f1_macro=0.771429
      epoch 10/100 loss=0.434205 validation_f1_macro=0.771242
      epoch 15/100 loss=0.405934 validation_f1_macro=0.785320
      epoch 20/100 loss=0.385102 validation_f1_macro=0.795833
      epoch 25/100 loss=0.360880 validation_f1_macro=0.828431
      epoch 30/100 loss=0.350872 validation_f1_macro=0.809584
      epoch 35/100 loss=0.334669 validation_f1_macro=0.871192
      epoch 40/100 loss=0.329770 validation_f1_macro=0.842051
      early stopping at epoch 43; best_epoch=33
    [GNN][Artificial1][NE-NPaA] k=8: best_epoch=33 validation_f1_macro=0.871192
    [GNN][Artificial1][NE-NPaA] k=16: train=490, validation=70
      epoch 1/100 loss=0.662471 validation_f1_macro=0.728516
      epoch 5/100 loss=0.487977 validation_f1_macro=0.771429
      epoch 10/100 loss=0.441399 validation_f1_macro=0.770680
      epoch 15/100 loss=0.411052 validation_f1_macro=0.826303
      epoch 20/100 loss=0.379558 validation_f1_macro=0.841270
      epoch 25/100 loss=0.360983 validation_f1_macro=0.841270
      epoch 30/100 loss=0.348705 validation_f1_macro=0.871192
      epoch 35/100 loss=0.344612 validation_f1_macro=0.871192
      early stopping at epoch 36; best_epoch=26
    [GNN][Artificial1][NE-NPaA] k=16: best_epoch=26 validation_f1_macro=0.871192
    [GNN][Artificial1][NE-NPaA] selected_k=8 refit_epochs=33
    [GNN][Artificial1][NE-NPaA] test_f1_macro=0.703742 baseline=0.330144 n=140
    [Artificial1][NE-NPaA] fold 5/5: 23.4s
  [NE-NPaA] 93.6s
    [GNN][Artificial1][NE-NMPr] device=cpu
    [GNN][Artificial1][NE-NMPr] k=4: train=380, validation=54
      epoch 1/100 loss=1.349724 validation_f1_macro=0.402033
      epoch 5/100 loss=0.900216 validation_f1_macro=0.504698
      epoch 10/100 loss=0.788332 validation_f1_macro=0.509496
      epoch 15/100 loss=0.746832 validation_f1_macro=0.412786
      epoch 20/100 loss=0.723720 validation_f1_macro=0.478678
      early stopping at epoch 21; best_epoch=11
    [GNN][Artificial1][NE-NMPr] k=4: best_epoch=11 validation_f1_macro=0.521570
    [GNN][Artificial1][NE-NMPr] k=8: train=380, validation=54
      epoch 1/100 loss=1.370763 validation_f1_macro=0.360864
      epoch 5/100 loss=0.902901 validation_f1_macro=0.468750
      epoch 10/100 loss=0.799084 validation_f1_macro=0.472941
      epoch 15/100 loss=0.742222 validation_f1_macro=0.494444
      epoch 20/100 loss=0.715178 validation_f1_macro=0.428194
      early stopping at epoch 21; best_epoch=11
    [GNN][Artificial1][NE-NMPr] k=8: best_epoch=11 validation_f1_macro=0.546659
    [GNN][Artificial1][NE-NMPr] k=16: train=380, validation=54
      epoch 1/100 loss=1.361402 validation_f1_macro=0.367273
      epoch 5/100 loss=0.915513 validation_f1_macro=0.413690
      epoch 10/100 loss=0.813685 validation_f1_macro=0.527841
      epoch 15/100 loss=0.754956 validation_f1_macro=0.438636
      epoch 20/100 loss=0.717173 validation_f1_macro=0.440043
      early stopping at epoch 20; best_epoch=10
    [GNN][Artificial1][NE-NMPr] k=16: best_epoch=10 validation_f1_macro=0.527841
    [GNN][Artificial1][NE-NMPr] selected_k=8 refit_epochs=11
    [GNN][Artificial1][NE-NMPr] test_f1_macro=0.569303 baseline=0.106164 n=115
    [Artificial1][NE-NMPr] fold 1/5: 10.4s
    [GNN][Artificial1][NE-NMPr] device=cpu
    [GNN][Artificial1][NE-NMPr] k=4: train=389, validation=56
      epoch 1/100 loss=1.348073 validation_f1_macro=0.409820
      epoch 5/100 loss=0.910136 validation_f1_macro=0.527328
      epoch 10/100 loss=0.782740 validation_f1_macro=0.522622
      epoch 15/100 loss=0.779211 validation_f1_macro=0.520595
      epoch 20/100 loss=0.720618 validation_f1_macro=0.521754
      epoch 25/100 loss=0.712655 validation_f1_macro=0.523426
      epoch 30/100 loss=0.700383 validation_f1_macro=0.542756
      epoch 35/100 loss=0.667401 validation_f1_macro=0.561225
      epoch 40/100 loss=0.668322 validation_f1_macro=0.581889
      epoch 45/100 loss=0.668350 validation_f1_macro=0.548037
      epoch 50/100 loss=0.640097 validation_f1_macro=0.511896
      epoch 55/100 loss=0.662335 validation_f1_macro=0.561225
      early stopping at epoch 58; best_epoch=48
    [GNN][Artificial1][NE-NMPr] k=4: best_epoch=48 validation_f1_macro=0.645690
    [GNN][Artificial1][NE-NMPr] k=8: train=389, validation=56
      epoch 1/100 loss=1.344939 validation_f1_macro=0.421402
      epoch 5/100 loss=0.847233 validation_f1_macro=0.461057
      epoch 10/100 loss=0.803491 validation_f1_macro=0.570621
      epoch 15/100 loss=0.759352 validation_f1_macro=0.542965
      early stopping at epoch 18; best_epoch=8
    [GNN][Artificial1][NE-NMPr] k=8: best_epoch=8 validation_f1_macro=0.577496
    [GNN][Artificial1][NE-NMPr] k=16: train=389, validation=56
      epoch 1/100 loss=1.363290 validation_f1_macro=0.411493
      epoch 5/100 loss=0.897005 validation_f1_macro=0.478507
      epoch 10/100 loss=0.783796 validation_f1_macro=0.473485
      epoch 15/100 loss=0.763469 validation_f1_macro=0.488828
      epoch 20/100 loss=0.729127 validation_f1_macro=0.526779
      epoch 25/100 loss=0.703895 validation_f1_macro=0.513492
      epoch 30/100 loss=0.709634 validation_f1_macro=0.538816
      epoch 35/100 loss=0.689953 validation_f1_macro=0.564243
      early stopping at epoch 38; best_epoch=28
    [GNN][Artificial1][NE-NMPr] k=16: best_epoch=28 validation_f1_macro=0.658584
    [GNN][Artificial1][NE-NMPr] selected_k=16 refit_epochs=28
    [GNN][Artificial1][NE-NMPr] test_f1_macro=0.551100 baseline=0.109023 n=104
    [Artificial1][NE-NMPr] fold 2/5: 21.6s
    [GNN][Artificial1][NE-NMPr] device=cpu
    [GNN][Artificial1][NE-NMPr] k=4: train=382, validation=57
      epoch 1/100 loss=1.352216 validation_f1_macro=0.372565
      epoch 5/100 loss=0.895115 validation_f1_macro=0.474845
      epoch 10/100 loss=0.802078 validation_f1_macro=0.465440
      epoch 15/100 loss=0.761110 validation_f1_macro=0.520038
      epoch 20/100 loss=0.735983 validation_f1_macro=0.473445
      early stopping at epoch 21; best_epoch=11
    [GNN][Artificial1][NE-NMPr] k=4: best_epoch=11 validation_f1_macro=0.554716
    [GNN][Artificial1][NE-NMPr] k=8: train=382, validation=57
      epoch 1/100 loss=1.352095 validation_f1_macro=0.413886
      epoch 5/100 loss=0.921450 validation_f1_macro=0.477692
      epoch 10/100 loss=0.818108 validation_f1_macro=0.527126
      epoch 15/100 loss=0.762874 validation_f1_macro=0.495098
      epoch 20/100 loss=0.728919 validation_f1_macro=0.488241
      early stopping at epoch 22; best_epoch=12
    [GNN][Artificial1][NE-NMPr] k=8: best_epoch=12 validation_f1_macro=0.608929
    [GNN][Artificial1][NE-NMPr] k=16: train=382, validation=57
      epoch 1/100 loss=1.369904 validation_f1_macro=0.358864
      epoch 5/100 loss=0.919546 validation_f1_macro=0.493216
      epoch 10/100 loss=0.818591 validation_f1_macro=0.502257
      epoch 15/100 loss=0.768848 validation_f1_macro=0.575303
      epoch 20/100 loss=0.741519 validation_f1_macro=0.447115
      early stopping at epoch 22; best_epoch=12
    [GNN][Artificial1][NE-NMPr] k=16: best_epoch=12 validation_f1_macro=0.600595
    [GNN][Artificial1][NE-NMPr] selected_k=8 refit_epochs=12
    [GNN][Artificial1][NE-NMPr] test_f1_macro=0.553214 baseline=0.104317 n=110
    [Artificial1][NE-NMPr] fold 3/5: 11.0s
    [GNN][Artificial1][NE-NMPr] device=cpu
    [GNN][Artificial1][NE-NMPr] k=4: train=385, validation=53
      epoch 1/100 loss=1.343136 validation_f1_macro=0.298467
      epoch 5/100 loss=0.896503 validation_f1_macro=0.340025
      epoch 10/100 loss=0.798627 validation_f1_macro=0.421292
      early stopping at epoch 12; best_epoch=2
    [GNN][Artificial1][NE-NMPr] k=4: best_epoch=2 validation_f1_macro=0.497808
    [GNN][Artificial1][NE-NMPr] k=8: train=385, validation=53
      epoch 1/100 loss=1.359911 validation_f1_macro=0.391706
      epoch 5/100 loss=0.976792 validation_f1_macro=0.430839
      epoch 10/100 loss=0.821806 validation_f1_macro=0.519228
      epoch 15/100 loss=0.854034 validation_f1_macro=0.529882
      epoch 20/100 loss=0.735484 validation_f1_macro=0.510421
      epoch 25/100 loss=0.728720 validation_f1_macro=0.510421
      epoch 30/100 loss=0.733387 validation_f1_macro=0.490808
      early stopping at epoch 33; best_epoch=23
    [GNN][Artificial1][NE-NMPr] k=8: best_epoch=23 validation_f1_macro=0.549003
    [GNN][Artificial1][NE-NMPr] k=16: train=385, validation=53
      epoch 1/100 loss=1.343254 validation_f1_macro=0.309104
      epoch 5/100 loss=0.893807 validation_f1_macro=0.390038
      epoch 10/100 loss=0.758734 validation_f1_macro=0.467955
      epoch 15/100 loss=0.744303 validation_f1_macro=0.549003
      epoch 20/100 loss=0.771537 validation_f1_macro=0.442122
      epoch 25/100 loss=0.761009 validation_f1_macro=0.472342
      epoch 30/100 loss=0.639502 validation_f1_macro=0.469596
      early stopping at epoch 32; best_epoch=22
    [GNN][Artificial1][NE-NMPr] k=16: best_epoch=22 validation_f1_macro=0.582015
    [GNN][Artificial1][NE-NMPr] selected_k=16 refit_epochs=22
    [GNN][Artificial1][NE-NMPr] test_f1_macro=0.539362 baseline=0.103571 n=111
    [Artificial1][NE-NMPr] fold 4/5: 15.0s
    [GNN][Artificial1][NE-NMPr] device=cpu
    [GNN][Artificial1][NE-NMPr] k=4: train=386, validation=54
      epoch 1/100 loss=1.345287 validation_f1_macro=0.298491
      epoch 5/100 loss=0.958116 validation_f1_macro=0.420983
      epoch 10/100 loss=0.829680 validation_f1_macro=0.431266
      epoch 15/100 loss=0.767019 validation_f1_macro=0.469697
      epoch 20/100 loss=0.749188 validation_f1_macro=0.467803
      epoch 25/100 loss=0.721888 validation_f1_macro=0.534339
      epoch 30/100 loss=0.699975 validation_f1_macro=0.496634
      epoch 35/100 loss=0.693424 validation_f1_macro=0.496865
      early stopping at epoch 35; best_epoch=25
    [GNN][Artificial1][NE-NMPr] k=4: best_epoch=25 validation_f1_macro=0.534339
    [GNN][Artificial1][NE-NMPr] k=8: train=386, validation=54
      epoch 1/100 loss=1.353397 validation_f1_macro=0.418533
      epoch 5/100 loss=0.936809 validation_f1_macro=0.405999
      epoch 10/100 loss=0.788710 validation_f1_macro=0.504785
      epoch 15/100 loss=0.823210 validation_f1_macro=0.519962
      epoch 20/100 loss=0.751502 validation_f1_macro=0.521855
      epoch 25/100 loss=0.724339 validation_f1_macro=0.501190
      epoch 30/100 loss=0.716431 validation_f1_macro=0.502957
      early stopping at epoch 30; best_epoch=20
    [GNN][Artificial1][NE-NMPr] k=8: best_epoch=20 validation_f1_macro=0.521855
    [GNN][Artificial1][NE-NMPr] k=16: train=386, validation=54
      epoch 1/100 loss=1.362494 validation_f1_macro=0.297059
      epoch 5/100 loss=0.894076 validation_f1_macro=0.441058
      epoch 10/100 loss=0.817569 validation_f1_macro=0.456361
      epoch 15/100 loss=0.764154 validation_f1_macro=0.449196
      epoch 20/100 loss=0.747298 validation_f1_macro=0.481237
      epoch 25/100 loss=0.705465 validation_f1_macro=0.557173
      epoch 30/100 loss=0.712742 validation_f1_macro=0.441091
      epoch 35/100 loss=0.691354 validation_f1_macro=0.529762
      early stopping at epoch 35; best_epoch=25
    [GNN][Artificial1][NE-NMPr] k=16: best_epoch=25 validation_f1_macro=0.557173
    [GNN][Artificial1][NE-NMPr] selected_k=16 refit_epochs=25
    [GNN][Artificial1][NE-NMPr] test_f1_macro=0.542508 baseline=0.110714 n=109
    [Artificial1][NE-NMPr] fold 5/5: 18.8s
  [NE-NMPr] 76.8s
    [GNN][Artificial1][NV-PrT] device=cpu
    [GNN][Artificial1][NV-PrT] k=4: train=490, validation=70
      epoch 1/100 loss=16.534236 validation_mae=15.188626
      epoch 5/100 loss=4.380499 validation_mae=4.436288
      epoch 10/100 loss=3.906454 validation_mae=4.105620
      epoch 15/100 loss=3.701756 validation_mae=3.965236
      early stopping at epoch 19; best_epoch=9
    [GNN][Artificial1][NV-PrT] k=4: best_epoch=9 validation_mae=3.914361
    [GNN][Artificial1][NV-PrT] k=8: train=490, validation=70
      epoch 1/100 loss=15.999760 validation_mae=14.706913
      epoch 5/100 loss=4.355822 validation_mae=4.437792
      epoch 10/100 loss=3.856977 validation_mae=4.183283
      epoch 15/100 loss=3.577487 validation_mae=3.905005
      epoch 20/100 loss=3.505126 validation_mae=3.918914
      early stopping at epoch 23; best_epoch=13
    [GNN][Artificial1][NV-PrT] k=8: best_epoch=13 validation_mae=3.831208
    [GNN][Artificial1][NV-PrT] k=16: train=490, validation=70
      epoch 1/100 loss=16.332848 validation_mae=14.808495
      epoch 5/100 loss=4.427297 validation_mae=4.786618
      epoch 10/100 loss=3.612152 validation_mae=3.808714
      epoch 15/100 loss=3.696818 validation_mae=4.061232
      epoch 20/100 loss=3.504234 validation_mae=3.882104
      early stopping at epoch 20; best_epoch=10
    [GNN][Artificial1][NV-PrT] k=16: best_epoch=10 validation_mae=3.808714
    [GNN][Artificial1][NV-PrT] selected_k=16 refit_epochs=10
    [GNN][Artificial1][NV-PrT] test_mae=3.636535 baseline=8.670086 n=140
    [Artificial1][NV-PrT] fold 1/5: 13.9s
    [GNN][Artificial1][NV-PrT] device=cpu
    [GNN][Artificial1][NV-PrT] k=4: train=490, validation=70
      epoch 1/100 loss=16.454622 validation_mae=13.865531
      epoch 5/100 loss=4.445214 validation_mae=4.256083
      epoch 10/100 loss=3.512343 validation_mae=3.543301
      epoch 15/100 loss=3.441369 validation_mae=4.037788
      epoch 20/100 loss=3.297574 validation_mae=3.397160
      epoch 25/100 loss=3.328407 validation_mae=3.426801
      early stopping at epoch 26; best_epoch=16
    [GNN][Artificial1][NV-PrT] k=4: best_epoch=16 validation_mae=3.180823
    [GNN][Artificial1][NV-PrT] k=8: train=490, validation=70
      epoch 1/100 loss=16.046964 validation_mae=13.766440
      epoch 5/100 loss=4.082562 validation_mae=4.112868
      epoch 10/100 loss=3.505852 validation_mae=4.356422
      epoch 15/100 loss=3.419886 validation_mae=3.528570
      epoch 20/100 loss=3.442913 validation_mae=4.230935
      epoch 25/100 loss=3.322914 validation_mae=3.270407
      epoch 30/100 loss=3.165227 validation_mae=3.509589
      epoch 35/100 loss=3.265063 validation_mae=4.472752
      early stopping at epoch 38; best_epoch=28
    [GNN][Artificial1][NV-PrT] k=8: best_epoch=28 validation_mae=3.257062
    [GNN][Artificial1][NV-PrT] k=16: train=490, validation=70
      epoch 1/100 loss=15.743019 validation_mae=13.118961
      epoch 5/100 loss=4.031543 validation_mae=4.557468
      epoch 10/100 loss=3.421552 validation_mae=3.579286
      epoch 15/100 loss=3.373501 validation_mae=3.896145
      epoch 20/100 loss=3.224736 validation_mae=4.034801
      epoch 25/100 loss=3.163049 validation_mae=3.743989
      epoch 30/100 loss=3.032439 validation_mae=3.662845
      epoch 35/100 loss=3.147219 validation_mae=3.722004
      epoch 40/100 loss=3.008213 validation_mae=3.917738
      early stopping at epoch 42; best_epoch=32
    [GNN][Artificial1][NV-PrT] k=16: best_epoch=32 validation_mae=3.191523
    [GNN][Artificial1][NV-PrT] selected_k=4 refit_epochs=16
    [GNN][Artificial1][NV-PrT] test_mae=5.157499 baseline=8.962100 n=140
    [Artificial1][NV-PrT] fold 2/5: 22.5s
    [GNN][Artificial1][NV-PrT] device=cpu
    [GNN][Artificial1][NV-PrT] k=4: train=490, validation=70
      epoch 1/100 loss=16.510577 validation_mae=14.532863
      epoch 5/100 loss=4.272364 validation_mae=5.904140
      epoch 10/100 loss=4.115305 validation_mae=5.073129
      epoch 15/100 loss=3.856376 validation_mae=5.041964
      epoch 20/100 loss=3.765466 validation_mae=5.029114
      epoch 25/100 loss=3.554683 validation_mae=5.211026
      epoch 30/100 loss=3.697586 validation_mae=5.094292
      early stopping at epoch 30; best_epoch=20
    [GNN][Artificial1][NV-PrT] k=4: best_epoch=20 validation_mae=5.029114
    [GNN][Artificial1][NV-PrT] k=8: train=490, validation=70
      epoch 1/100 loss=16.214776 validation_mae=14.113218
      epoch 5/100 loss=4.213261 validation_mae=5.769766
      epoch 10/100 loss=3.748168 validation_mae=5.204865
      epoch 15/100 loss=3.720681 validation_mae=5.292474
      epoch 20/100 loss=3.542300 validation_mae=5.090327
      early stopping at epoch 21; best_epoch=11
    [GNN][Artificial1][NV-PrT] k=8: best_epoch=11 validation_mae=5.052205
    [GNN][Artificial1][NV-PrT] k=16: train=490, validation=70
      epoch 1/100 loss=16.365145 validation_mae=14.508828
      epoch 5/100 loss=4.622327 validation_mae=5.891715
      epoch 10/100 loss=3.722013 validation_mae=5.180730
      epoch 15/100 loss=3.705468 validation_mae=5.033435
      epoch 20/100 loss=3.710299 validation_mae=5.287314
      epoch 25/100 loss=3.521147 validation_mae=5.263242
      early stopping at epoch 25; best_epoch=15
    [GNN][Artificial1][NV-PrT] k=16: best_epoch=15 validation_mae=5.033435
    [GNN][Artificial1][NV-PrT] selected_k=4 refit_epochs=20
    [GNN][Artificial1][NV-PrT] test_mae=3.004672 baseline=8.111464 n=140
    [Artificial1][NV-PrT] fold 3/5: 17.9s
    [GNN][Artificial1][NV-PrT] device=cpu
    [GNN][Artificial1][NV-PrT] k=4: train=490, validation=70
      epoch 1/100 loss=16.098433 validation_mae=16.214357
      epoch 5/100 loss=4.323435 validation_mae=5.857107
      epoch 10/100 loss=3.680926 validation_mae=4.519731
      epoch 15/100 loss=3.531878 validation_mae=4.460334
      epoch 20/100 loss=3.581111 validation_mae=4.504547
      epoch 25/100 loss=3.490082 validation_mae=4.607518
      epoch 30/100 loss=3.413696 validation_mae=4.335527
      epoch 35/100 loss=3.501528 validation_mae=4.425150
      epoch 40/100 loss=3.337066 validation_mae=4.329862
      early stopping at epoch 41; best_epoch=31
    [GNN][Artificial1][NV-PrT] k=4: best_epoch=31 validation_mae=4.257527
    [GNN][Artificial1][NV-PrT] k=8: train=490, validation=70
      epoch 1/100 loss=15.292957 validation_mae=15.661034
      epoch 5/100 loss=4.203001 validation_mae=5.461047
      epoch 10/100 loss=3.534518 validation_mae=4.560243
      epoch 15/100 loss=3.727171 validation_mae=5.045135
      epoch 20/100 loss=3.551700 validation_mae=4.456344
      epoch 25/100 loss=3.411341 validation_mae=4.599610
      epoch 30/100 loss=3.255124 validation_mae=4.379303
      epoch 35/100 loss=3.296305 validation_mae=4.471723
      epoch 40/100 loss=3.430960 validation_mae=4.328316
      epoch 45/100 loss=3.452604 validation_mae=4.221985
      early stopping at epoch 47; best_epoch=37
    [GNN][Artificial1][NV-PrT] k=8: best_epoch=37 validation_mae=4.196335
    [GNN][Artificial1][NV-PrT] k=16: train=490, validation=70
      epoch 1/100 loss=16.005208 validation_mae=16.295845
      epoch 5/100 loss=4.378604 validation_mae=6.176883
      epoch 10/100 loss=3.575036 validation_mae=4.765974
      epoch 15/100 loss=3.397500 validation_mae=4.510712
      epoch 20/100 loss=3.276283 validation_mae=4.332359
      epoch 25/100 loss=3.477473 validation_mae=4.357304
      epoch 30/100 loss=3.250312 validation_mae=4.407439
      epoch 35/100 loss=3.300823 validation_mae=4.305608
      epoch 40/100 loss=3.499095 validation_mae=4.137883
      epoch 45/100 loss=3.284655 validation_mae=4.562994
      epoch 50/100 loss=3.440178 validation_mae=4.135816
      epoch 55/100 loss=3.501446 validation_mae=4.195300
      epoch 60/100 loss=3.362326 validation_mae=4.445276
      early stopping at epoch 60; best_epoch=50
    [GNN][Artificial1][NV-PrT] k=16: best_epoch=50 validation_mae=4.135816
    [GNN][Artificial1][NV-PrT] selected_k=16 refit_epochs=50
    [GNN][Artificial1][NV-PrT] test_mae=4.330125 baseline=8.647943 n=140
    [Artificial1][NV-PrT] fold 4/5: 36.0s
    [GNN][Artificial1][NV-PrT] device=cpu
    [GNN][Artificial1][NV-PrT] k=4: train=490, validation=70
      epoch 1/100 loss=16.036511 validation_mae=15.234339
      epoch 5/100 loss=4.296322 validation_mae=5.465168
      epoch 10/100 loss=3.614938 validation_mae=4.818351
      epoch 15/100 loss=3.584585 validation_mae=4.774147
      epoch 20/100 loss=3.649850 validation_mae=4.607988
      epoch 25/100 loss=3.389530 validation_mae=4.657721
      epoch 30/100 loss=3.534330 validation_mae=4.635349
      epoch 35/100 loss=3.550247 validation_mae=4.593398
      epoch 40/100 loss=3.364913 validation_mae=4.570101
      epoch 45/100 loss=3.385328 validation_mae=4.497723
      epoch 50/100 loss=3.266981 validation_mae=4.633979
      early stopping at epoch 54; best_epoch=44
    [GNN][Artificial1][NV-PrT] k=4: best_epoch=44 validation_mae=4.461269
    [GNN][Artificial1][NV-PrT] k=8: train=490, validation=70
      epoch 1/100 loss=15.696699 validation_mae=15.088638
      epoch 5/100 loss=4.412786 validation_mae=5.547729
      epoch 10/100 loss=3.709178 validation_mae=4.851581
      epoch 15/100 loss=3.631009 validation_mae=4.732999
      epoch 20/100 loss=3.479103 validation_mae=4.715758
      epoch 25/100 loss=3.519085 validation_mae=4.714292
      epoch 30/100 loss=3.480842 validation_mae=4.582136
      epoch 35/100 loss=3.351988 validation_mae=4.584308
      epoch 40/100 loss=3.299708 validation_mae=4.679865
      early stopping at epoch 43; best_epoch=33
    [GNN][Artificial1][NV-PrT] k=8: best_epoch=33 validation_mae=4.552059
    [GNN][Artificial1][NV-PrT] k=16: train=490, validation=70
      epoch 1/100 loss=15.687509 validation_mae=14.962934
      epoch 5/100 loss=4.139899 validation_mae=5.418909
      epoch 10/100 loss=3.778254 validation_mae=4.907302
      epoch 15/100 loss=3.457618 validation_mae=4.766383
      epoch 20/100 loss=3.205857 validation_mae=4.647418
      epoch 25/100 loss=3.549764 validation_mae=4.626949
      epoch 30/100 loss=3.312091 validation_mae=4.602562
      epoch 35/100 loss=3.252605 validation_mae=4.621651
      epoch 40/100 loss=3.410272 validation_mae=4.636957
      epoch 45/100 loss=3.191071 validation_mae=4.636583
      epoch 50/100 loss=3.206838 validation_mae=4.665823
      early stopping at epoch 53; best_epoch=43
    [GNN][Artificial1][NV-PrT] k=16: best_epoch=43 validation_mae=4.546316
    [GNN][Artificial1][NV-PrT] selected_k=4 refit_epochs=44
    [GNN][Artificial1][NV-PrT] test_mae=4.264188 baseline=8.560243 n=140
    [Artificial1][NV-PrT] fold 5/5: 35.0s
  [NV-PrT] 125.4s
    [GNN][Artificial1][NV-PaT] device=cpu
    [GNN][Artificial1][NV-PaT] k=4: train=490, validation=70
      epoch 1/100 loss=15.946596 validation_mae=15.192059
      epoch 5/100 loss=4.274841 validation_mae=4.397017
      epoch 10/100 loss=3.838004 validation_mae=4.028182
      epoch 15/100 loss=3.576548 validation_mae=4.032126
      epoch 20/100 loss=3.614571 validation_mae=3.911943
      epoch 25/100 loss=3.519130 validation_mae=3.927355
      epoch 30/100 loss=3.581070 validation_mae=3.919916
      epoch 35/100 loss=3.493651 validation_mae=3.871442
      epoch 40/100 loss=3.524302 validation_mae=3.996156
      epoch 45/100 loss=3.506610 validation_mae=3.814492
      epoch 50/100 loss=3.544848 validation_mae=3.858721
      epoch 55/100 loss=3.345111 validation_mae=3.817086
      epoch 60/100 loss=3.389150 validation_mae=3.825956
      early stopping at epoch 63; best_epoch=53
    [GNN][Artificial1][NV-PaT] k=4: best_epoch=53 validation_mae=3.812482
    [GNN][Artificial1][NV-PaT] k=8: train=490, validation=70
      epoch 1/100 loss=15.482267 validation_mae=14.402441
      epoch 5/100 loss=4.507905 validation_mae=4.597372
      epoch 10/100 loss=3.917183 validation_mae=3.937850
      epoch 15/100 loss=3.833792 validation_mae=4.024563
      early stopping at epoch 17; best_epoch=7
    [GNN][Artificial1][NV-PaT] k=8: best_epoch=7 validation_mae=3.865005
    [GNN][Artificial1][NV-PaT] k=16: train=490, validation=70
      epoch 1/100 loss=15.288017 validation_mae=14.008119
      epoch 5/100 loss=4.281188 validation_mae=4.267639
      epoch 10/100 loss=3.749128 validation_mae=3.846764
      epoch 15/100 loss=3.501984 validation_mae=3.775221
      epoch 20/100 loss=3.618663 validation_mae=4.010540
      epoch 25/100 loss=3.451597 validation_mae=3.768073
      epoch 30/100 loss=3.416273 validation_mae=3.720053
      epoch 35/100 loss=3.470192 validation_mae=3.759785
      epoch 40/100 loss=3.491333 validation_mae=3.728093
      early stopping at epoch 41; best_epoch=31
    [GNN][Artificial1][NV-PaT] k=16: best_epoch=31 validation_mae=3.683870
    [GNN][Artificial1][NV-PaT] selected_k=16 refit_epochs=31
    [GNN][Artificial1][NV-PaT] test_mae=3.821177 baseline=8.629657 n=140
    [Artificial1][NV-PaT] fold 1/5: 27.9s
    [GNN][Artificial1][NV-PaT] device=cpu
    [GNN][Artificial1][NV-PaT] k=4: train=490, validation=70
      epoch 1/100 loss=16.114886 validation_mae=13.865331
      epoch 5/100 loss=4.406937 validation_mae=4.174065
      epoch 10/100 loss=3.490132 validation_mae=3.459293
      epoch 15/100 loss=3.431731 validation_mae=3.715740
      epoch 20/100 loss=3.245256 validation_mae=3.417933
      epoch 25/100 loss=3.266987 validation_mae=3.311536
      early stopping at epoch 26; best_epoch=16
    [GNN][Artificial1][NV-PaT] k=4: best_epoch=16 validation_mae=3.161836
    [GNN][Artificial1][NV-PaT] k=8: train=490, validation=70
      epoch 1/100 loss=15.672621 validation_mae=13.768923
      epoch 5/100 loss=4.075580 validation_mae=3.999681
      epoch 10/100 loss=3.468637 validation_mae=3.952857
      epoch 15/100 loss=3.351456 validation_mae=3.491461
      epoch 20/100 loss=3.343723 validation_mae=3.754942
      epoch 25/100 loss=3.304529 validation_mae=3.192577
      epoch 30/100 loss=3.125523 validation_mae=3.289441
      epoch 35/100 loss=3.184316 validation_mae=4.370064
      early stopping at epoch 35; best_epoch=25
    [GNN][Artificial1][NV-PaT] k=8: best_epoch=25 validation_mae=3.192577
    [GNN][Artificial1][NV-PaT] k=16: train=490, validation=70
      epoch 1/100 loss=15.696508 validation_mae=13.636432
      epoch 5/100 loss=3.911869 validation_mae=4.229768
      epoch 10/100 loss=3.470005 validation_mae=3.692219
      epoch 15/100 loss=3.290061 validation_mae=3.497302
      epoch 20/100 loss=3.352440 validation_mae=3.494900
      epoch 25/100 loss=3.300862 validation_mae=3.458265
      early stopping at epoch 28; best_epoch=18
    [GNN][Artificial1][NV-PaT] k=16: best_epoch=18 validation_mae=3.240760
    [GNN][Artificial1][NV-PaT] selected_k=4 refit_epochs=16
    [GNN][Artificial1][NV-PaT] test_mae=5.095354 baseline=8.920479 n=140
    [Artificial1][NV-PaT] fold 2/5: 19.6s
    [GNN][Artificial1][NV-PaT] device=cpu
    [GNN][Artificial1][NV-PaT] k=4: train=490, validation=70
      epoch 1/100 loss=16.130507 validation_mae=13.611490
      epoch 5/100 loss=4.163250 validation_mae=5.828824
      epoch 10/100 loss=4.063743 validation_mae=5.002933
      epoch 15/100 loss=3.862853 validation_mae=4.850487
      epoch 20/100 loss=3.672179 validation_mae=5.020772
      epoch 25/100 loss=3.509689 validation_mae=5.075733
      early stopping at epoch 25; best_epoch=15
    [GNN][Artificial1][NV-PaT] k=4: best_epoch=15 validation_mae=4.850487
    [GNN][Artificial1][NV-PaT] k=8: train=490, validation=70
      epoch 1/100 loss=15.887367 validation_mae=13.468826
      epoch 5/100 loss=4.434683 validation_mae=6.114008
      epoch 10/100 loss=3.722740 validation_mae=4.952339
      epoch 15/100 loss=3.623039 validation_mae=5.420761
      epoch 20/100 loss=3.476454 validation_mae=5.290344
      early stopping at epoch 20; best_epoch=10
    [GNN][Artificial1][NV-PaT] k=8: best_epoch=10 validation_mae=4.952339
    [GNN][Artificial1][NV-PaT] k=16: train=490, validation=70
      epoch 1/100 loss=15.748807 validation_mae=13.391508
      epoch 5/100 loss=4.145231 validation_mae=5.769629
      epoch 10/100 loss=3.600081 validation_mae=5.351617
      epoch 15/100 loss=3.658189 validation_mae=5.099352
      epoch 20/100 loss=3.642582 validation_mae=5.225448
      epoch 25/100 loss=3.741423 validation_mae=4.952040
      epoch 30/100 loss=3.627369 validation_mae=5.131859
      early stopping at epoch 32; best_epoch=22
    [GNN][Artificial1][NV-PaT] k=16: best_epoch=22 validation_mae=4.905877
    [GNN][Artificial1][NV-PaT] selected_k=4 refit_epochs=15
    [GNN][Artificial1][NV-PaT] test_mae=3.233084 baseline=8.110393 n=140
    [Artificial1][NV-PaT] fold 3/5: 17.2s
    [GNN][Artificial1][NV-PaT] device=cpu
    [GNN][Artificial1][NV-PaT] k=4: train=490, validation=70
      epoch 1/100 loss=15.597241 validation_mae=16.050817
      epoch 5/100 loss=4.112575 validation_mae=5.814680
      epoch 10/100 loss=3.525070 validation_mae=4.547229
      epoch 15/100 loss=3.476427 validation_mae=4.611469
      epoch 20/100 loss=3.392331 validation_mae=4.822223
      epoch 25/100 loss=3.347963 validation_mae=4.579143
      epoch 30/100 loss=3.243999 validation_mae=4.563187
      early stopping at epoch 31; best_epoch=21
    [GNN][Artificial1][NV-PaT] k=4: best_epoch=21 validation_mae=4.263391
    [GNN][Artificial1][NV-PaT] k=8: train=490, validation=70
      epoch 1/100 loss=15.483380 validation_mae=16.125164
      epoch 5/100 loss=4.583628 validation_mae=6.037602
      epoch 10/100 loss=3.719528 validation_mae=4.783475
      epoch 15/100 loss=3.410740 validation_mae=4.738487
      epoch 20/100 loss=3.181494 validation_mae=4.398520
      epoch 25/100 loss=3.311326 validation_mae=4.593994
      epoch 30/100 loss=3.299358 validation_mae=4.374677
      epoch 35/100 loss=3.320048 validation_mae=4.877164
      early stopping at epoch 36; best_epoch=26
    [GNN][Artificial1][NV-PaT] k=8: best_epoch=26 validation_mae=4.328729
    [GNN][Artificial1][NV-PaT] k=16: train=490, validation=70
      epoch 1/100 loss=14.843082 validation_mae=14.880672
      epoch 5/100 loss=4.258253 validation_mae=5.223138
      epoch 10/100 loss=3.477199 validation_mae=4.832792
      epoch 15/100 loss=3.458927 validation_mae=4.637486
      epoch 20/100 loss=3.243330 validation_mae=4.315444
      epoch 25/100 loss=3.304371 validation_mae=4.888202
      epoch 30/100 loss=3.372227 validation_mae=4.667374
      early stopping at epoch 30; best_epoch=20
    [GNN][Artificial1][NV-PaT] k=16: best_epoch=20 validation_mae=4.315444
    [GNN][Artificial1][NV-PaT] selected_k=4 refit_epochs=21
    [GNN][Artificial1][NV-PaT] test_mae=4.237587 baseline=8.828136 n=140
    [Artificial1][NV-PaT] fold 4/5: 21.8s
    [GNN][Artificial1][NV-PaT] device=cpu
    [GNN][Artificial1][NV-PaT] k=4: train=490, validation=70
      epoch 1/100 loss=15.638538 validation_mae=15.070712
      epoch 5/100 loss=4.324657 validation_mae=5.348566
      epoch 10/100 loss=3.619414 validation_mae=4.611222
      epoch 15/100 loss=3.580983 validation_mae=4.567294
      epoch 20/100 loss=3.589954 validation_mae=4.431511
      epoch 25/100 loss=3.389509 validation_mae=4.505363
      epoch 30/100 loss=3.466022 validation_mae=4.534776
      epoch 35/100 loss=3.539214 validation_mae=4.451715
      early stopping at epoch 38; best_epoch=28
    [GNN][Artificial1][NV-PaT] k=4: best_epoch=28 validation_mae=4.402691
    [GNN][Artificial1][NV-PaT] k=8: train=490, validation=70
      epoch 1/100 loss=15.002192 validation_mae=14.550836
      epoch 5/100 loss=4.357770 validation_mae=5.236163
      epoch 10/100 loss=3.781085 validation_mae=4.655720
      epoch 15/100 loss=3.491713 validation_mae=4.731499
      epoch 20/100 loss=3.480074 validation_mae=4.594195
      epoch 25/100 loss=3.462575 validation_mae=4.523821
      epoch 30/100 loss=3.395314 validation_mae=4.619637
      epoch 35/100 loss=3.541042 validation_mae=4.471528
      epoch 40/100 loss=3.364752 validation_mae=4.490582
      epoch 45/100 loss=3.387104 validation_mae=4.436114
      epoch 50/100 loss=3.177242 validation_mae=4.348674
      epoch 55/100 loss=3.383901 validation_mae=4.350570
      epoch 60/100 loss=3.508694 validation_mae=4.403013
      epoch 65/100 loss=3.268981 validation_mae=4.341177
      epoch 70/100 loss=3.265193 validation_mae=4.358488
      epoch 75/100 loss=3.482944 validation_mae=4.423919
      early stopping at epoch 77; best_epoch=67
    [GNN][Artificial1][NV-PaT] k=8: best_epoch=67 validation_mae=4.305339
    [GNN][Artificial1][NV-PaT] k=16: train=490, validation=70
      epoch 1/100 loss=14.934769 validation_mae=14.827407
      epoch 5/100 loss=4.268015 validation_mae=5.164326
      epoch 10/100 loss=3.624009 validation_mae=4.668230
      epoch 15/100 loss=3.414479 validation_mae=4.608699
      epoch 20/100 loss=3.355321 validation_mae=4.592586
      epoch 25/100 loss=3.384923 validation_mae=4.493102
      epoch 30/100 loss=3.338262 validation_mae=4.485594
      epoch 35/100 loss=3.438952 validation_mae=4.494736
      early stopping at epoch 36; best_epoch=26
    [GNN][Artificial1][NV-PaT] k=16: best_epoch=26 validation_mae=4.408050
    [GNN][Artificial1][NV-PaT] selected_k=8 refit_epochs=67
    [GNN][Artificial1][NV-PaT] test_mae=3.926641 baseline=8.338907 n=140
    [Artificial1][NV-PaT] fold 5/5: 39.8s
  [NV-PaT] 126.4s
    [GNN][Artificial1][NV-NMPr] device=cpu
    [GNN][Artificial1][NV-NMPr] k=4: train=490, validation=70
      epoch 1/100 loss=1.521119 validation_mae=1.550663
      epoch 5/100 loss=0.120887 validation_mae=0.280298
      epoch 10/100 loss=0.083502 validation_mae=0.235115
      epoch 15/100 loss=0.056396 validation_mae=0.147220
      epoch 20/100 loss=0.054893 validation_mae=0.100866
      epoch 25/100 loss=0.042321 validation_mae=0.086416
      epoch 30/100 loss=0.042430 validation_mae=0.101326
      epoch 35/100 loss=0.045398 validation_mae=0.053810
      epoch 40/100 loss=0.037605 validation_mae=0.052250
      epoch 45/100 loss=0.037001 validation_mae=0.058419
      early stopping at epoch 49; best_epoch=39
    [GNN][Artificial1][NV-NMPr] k=4: best_epoch=39 validation_mae=0.051925
    [GNN][Artificial1][NV-NMPr] k=8: train=490, validation=70
      epoch 1/100 loss=1.331715 validation_mae=1.274232
      epoch 5/100 loss=0.086831 validation_mae=0.244695
      epoch 10/100 loss=0.053582 validation_mae=0.157915
      epoch 15/100 loss=0.037127 validation_mae=0.114336
      epoch 20/100 loss=0.039546 validation_mae=0.110422
      epoch 25/100 loss=0.035092 validation_mae=0.074007
      epoch 30/100 loss=0.035969 validation_mae=0.139375
      epoch 35/100 loss=0.028394 validation_mae=0.147063
      epoch 40/100 loss=0.032535 validation_mae=0.128624
      epoch 45/100 loss=0.026545 validation_mae=0.062508
      epoch 50/100 loss=0.037667 validation_mae=0.046139
      epoch 55/100 loss=0.031687 validation_mae=0.069884
      epoch 60/100 loss=0.025345 validation_mae=0.087538
      early stopping at epoch 60; best_epoch=50
    [GNN][Artificial1][NV-NMPr] k=8: best_epoch=50 validation_mae=0.046139
    [GNN][Artificial1][NV-NMPr] k=16: train=490, validation=70
      epoch 1/100 loss=1.399877 validation_mae=1.524474
      epoch 5/100 loss=0.088200 validation_mae=0.230967
      epoch 10/100 loss=0.055918 validation_mae=0.162254
      epoch 15/100 loss=0.044322 validation_mae=0.136216
      epoch 20/100 loss=0.042243 validation_mae=0.092595
      epoch 25/100 loss=0.036253 validation_mae=0.083976
      epoch 30/100 loss=0.031396 validation_mae=0.046458
      epoch 35/100 loss=0.035844 validation_mae=0.070577
      epoch 40/100 loss=0.037850 validation_mae=0.061107
      early stopping at epoch 40; best_epoch=30
    [GNN][Artificial1][NV-NMPr] k=16: best_epoch=30 validation_mae=0.046458
    [GNN][Artificial1][NV-NMPr] selected_k=8 refit_epochs=50
    [GNN][Artificial1][NV-NMPr] test_mae=0.070896 baseline=1.207143 n=140
    [Artificial1][NV-NMPr] fold 1/5: 36.0s
    [GNN][Artificial1][NV-NMPr] device=cpu
    [GNN][Artificial1][NV-NMPr] k=4: train=490, validation=70
      epoch 1/100 loss=1.537509 validation_mae=1.618852
      epoch 5/100 loss=0.119806 validation_mae=0.319857
      epoch 10/100 loss=0.085399 validation_mae=0.193258
      epoch 15/100 loss=0.056356 validation_mae=0.135913
      epoch 20/100 loss=0.055564 validation_mae=0.107698
      epoch 25/100 loss=0.041266 validation_mae=0.088898
      epoch 30/100 loss=0.043641 validation_mae=0.114730
      epoch 35/100 loss=0.042902 validation_mae=0.078812
      epoch 40/100 loss=0.031447 validation_mae=0.083127
      epoch 45/100 loss=0.035336 validation_mae=0.091501
      early stopping at epoch 49; best_epoch=39
    [GNN][Artificial1][NV-NMPr] k=4: best_epoch=39 validation_mae=0.065874
    [GNN][Artificial1][NV-NMPr] k=8: train=490, validation=70
      epoch 1/100 loss=1.307109 validation_mae=1.273099
      epoch 5/100 loss=0.089780 validation_mae=0.262282
      epoch 10/100 loss=0.046164 validation_mae=0.118783
      epoch 15/100 loss=0.032571 validation_mae=0.106072
      epoch 20/100 loss=0.034963 validation_mae=0.077688
      epoch 25/100 loss=0.030897 validation_mae=0.057687
      epoch 30/100 loss=0.032101 validation_mae=0.153139
      epoch 35/100 loss=0.026281 validation_mae=0.154200
      epoch 40/100 loss=0.030534 validation_mae=0.147873
      epoch 45/100 loss=0.026717 validation_mae=0.057634
      early stopping at epoch 49; best_epoch=39
    [GNN][Artificial1][NV-NMPr] k=8: best_epoch=39 validation_mae=0.044890
    [GNN][Artificial1][NV-NMPr] k=16: train=490, validation=70
      epoch 1/100 loss=1.306792 validation_mae=1.119795
      epoch 5/100 loss=0.103271 validation_mae=0.233757
      epoch 10/100 loss=0.053419 validation_mae=0.139395
      epoch 15/100 loss=0.042375 validation_mae=0.141811
      epoch 20/100 loss=0.035905 validation_mae=0.072370
      epoch 25/100 loss=0.032206 validation_mae=0.065783
      epoch 30/100 loss=0.035173 validation_mae=0.115487
      epoch 35/100 loss=0.027786 validation_mae=0.059418
      epoch 40/100 loss=0.029708 validation_mae=0.065334
      epoch 45/100 loss=0.034903 validation_mae=0.052569
      epoch 50/100 loss=0.024821 validation_mae=0.043383
      epoch 55/100 loss=0.027896 validation_mae=0.041738
      epoch 60/100 loss=0.034720 validation_mae=0.054139
      epoch 65/100 loss=0.031310 validation_mae=0.060058
      early stopping at epoch 65; best_epoch=55
    [GNN][Artificial1][NV-NMPr] k=16: best_epoch=55 validation_mae=0.041738
    [GNN][Artificial1][NV-NMPr] selected_k=16 refit_epochs=55
    [GNN][Artificial1][NV-NMPr] test_mae=0.059358 baseline=1.342857 n=140
    [Artificial1][NV-NMPr] fold 2/5: 39.7s
    [GNN][Artificial1][NV-NMPr] device=cpu
    [GNN][Artificial1][NV-NMPr] k=4: train=490, validation=70
      epoch 1/100 loss=1.521828 validation_mae=1.588474
      epoch 5/100 loss=0.121338 validation_mae=0.312044
      epoch 10/100 loss=0.088770 validation_mae=0.231992
      epoch 15/100 loss=0.053031 validation_mae=0.137787
      epoch 20/100 loss=0.054085 validation_mae=0.095716
      epoch 25/100 loss=0.040402 validation_mae=0.081725
      epoch 30/100 loss=0.043375 validation_mae=0.086219
      epoch 35/100 loss=0.045498 validation_mae=0.051435
      epoch 40/100 loss=0.037636 validation_mae=0.054556
      epoch 45/100 loss=0.036614 validation_mae=0.055468
      early stopping at epoch 49; best_epoch=39
    [GNN][Artificial1][NV-NMPr] k=4: best_epoch=39 validation_mae=0.049224
    [GNN][Artificial1][NV-NMPr] k=8: train=490, validation=70
      epoch 1/100 loss=1.317122 validation_mae=1.265622
      epoch 5/100 loss=0.090767 validation_mae=0.282622
      epoch 10/100 loss=0.047733 validation_mae=0.137836
      epoch 15/100 loss=0.037621 validation_mae=0.113360
      epoch 20/100 loss=0.034058 validation_mae=0.091820
      epoch 25/100 loss=0.031823 validation_mae=0.083684
      epoch 30/100 loss=0.036392 validation_mae=0.228584
      epoch 35/100 loss=0.026082 validation_mae=0.157276
      epoch 40/100 loss=0.030699 validation_mae=0.133299
      epoch 45/100 loss=0.027517 validation_mae=0.052275
      epoch 50/100 loss=0.034097 validation_mae=0.068314
      early stopping at epoch 53; best_epoch=43
    [GNN][Artificial1][NV-NMPr] k=8: best_epoch=43 validation_mae=0.049490
    [GNN][Artificial1][NV-NMPr] k=16: train=490, validation=70
      epoch 1/100 loss=1.279969 validation_mae=1.119484
      epoch 5/100 loss=0.090709 validation_mae=0.272509
      epoch 10/100 loss=0.047960 validation_mae=0.160936
      epoch 15/100 loss=0.040703 validation_mae=0.095639
      epoch 20/100 loss=0.038496 validation_mae=0.107850
      epoch 25/100 loss=0.033523 validation_mae=0.067330
      epoch 30/100 loss=0.028419 validation_mae=0.098175
      epoch 35/100 loss=0.028115 validation_mae=0.067405
      early stopping at epoch 35; best_epoch=25
    [GNN][Artificial1][NV-NMPr] k=16: best_epoch=25 validation_mae=0.067330
    [GNN][Artificial1][NV-NMPr] selected_k=4 refit_epochs=39
    [GNN][Artificial1][NV-NMPr] test_mae=0.114595 baseline=1.314286 n=140
    [Artificial1][NV-NMPr] fold 3/5: 31.7s
    [GNN][Artificial1][NV-NMPr] device=cpu
    [GNN][Artificial1][NV-NMPr] k=4: train=490, validation=70
      epoch 1/100 loss=1.510894 validation_mae=1.599653
      epoch 5/100 loss=0.121921 validation_mae=0.262321
      epoch 10/100 loss=0.086106 validation_mae=0.188605
      epoch 15/100 loss=0.056196 validation_mae=0.109528
      epoch 20/100 loss=0.057631 validation_mae=0.075829
      epoch 25/100 loss=0.040249 validation_mae=0.065661
      epoch 30/100 loss=0.045166 validation_mae=0.075997
      epoch 35/100 loss=0.044915 validation_mae=0.053260
      epoch 40/100 loss=0.038255 validation_mae=0.045444
      epoch 45/100 loss=0.036871 validation_mae=0.046780
      epoch 50/100 loss=0.035228 validation_mae=0.084794
      early stopping at epoch 50; best_epoch=40
    [GNN][Artificial1][NV-NMPr] k=4: best_epoch=40 validation_mae=0.045444
    [GNN][Artificial1][NV-NMPr] k=8: train=490, validation=70
      epoch 1/100 loss=1.397215 validation_mae=1.385087
      epoch 5/100 loss=0.096312 validation_mae=0.223365
      epoch 10/100 loss=0.060497 validation_mae=0.142052
      epoch 15/100 loss=0.040140 validation_mae=0.104918
      epoch 20/100 loss=0.036725 validation_mae=0.099373
      epoch 25/100 loss=0.040436 validation_mae=0.054743
      epoch 30/100 loss=0.030559 validation_mae=0.079405
      epoch 35/100 loss=0.034383 validation_mae=0.059612
      early stopping at epoch 36; best_epoch=26
    [GNN][Artificial1][NV-NMPr] k=8: best_epoch=26 validation_mae=0.045461
    [GNN][Artificial1][NV-NMPr] k=16: train=490, validation=70
      epoch 1/100 loss=1.401677 validation_mae=1.362757
      epoch 5/100 loss=0.093458 validation_mae=0.194237
      epoch 10/100 loss=0.046909 validation_mae=0.139774
      epoch 15/100 loss=0.035047 validation_mae=0.117748
      epoch 20/100 loss=0.040740 validation_mae=0.094504
      epoch 25/100 loss=0.022034 validation_mae=0.057196
      epoch 30/100 loss=0.029167 validation_mae=0.124550
      epoch 35/100 loss=0.030581 validation_mae=0.066423
      epoch 40/100 loss=0.028051 validation_mae=0.070965
      early stopping at epoch 43; best_epoch=33
    [GNN][Artificial1][NV-NMPr] k=16: best_epoch=33 validation_mae=0.044539
    [GNN][Artificial1][NV-NMPr] selected_k=16 refit_epochs=33
    [GNN][Artificial1][NV-NMPr] test_mae=0.058663 baseline=1.271429 n=140
    [Artificial1][NV-NMPr] fold 4/5: 29.4s
    [GNN][Artificial1][NV-NMPr] device=cpu
    [GNN][Artificial1][NV-NMPr] k=4: train=490, validation=70
      epoch 1/100 loss=1.534557 validation_mae=1.625152
      epoch 5/100 loss=0.125926 validation_mae=0.268118
      epoch 10/100 loss=0.082369 validation_mae=0.191586
      epoch 15/100 loss=0.051533 validation_mae=0.129398
      epoch 20/100 loss=0.056236 validation_mae=0.082952
      epoch 25/100 loss=0.039397 validation_mae=0.067464
      epoch 30/100 loss=0.043369 validation_mae=0.105589
      epoch 35/100 loss=0.043351 validation_mae=0.062582
      epoch 40/100 loss=0.034510 validation_mae=0.058991
      epoch 45/100 loss=0.036462 validation_mae=0.068820
      epoch 50/100 loss=0.033069 validation_mae=0.074020
      epoch 55/100 loss=0.038355 validation_mae=0.132333
      epoch 60/100 loss=0.038702 validation_mae=0.055520
      early stopping at epoch 61; best_epoch=51
    [GNN][Artificial1][NV-NMPr] k=4: best_epoch=51 validation_mae=0.044784
    [GNN][Artificial1][NV-NMPr] k=8: train=490, validation=70
      epoch 1/100 loss=1.249897 validation_mae=1.268043
      epoch 5/100 loss=0.105773 validation_mae=0.232862
      epoch 10/100 loss=0.045301 validation_mae=0.123204
      epoch 15/100 loss=0.037100 validation_mae=0.091041
      epoch 20/100 loss=0.034715 validation_mae=0.155682
      epoch 25/100 loss=0.030905 validation_mae=0.059879
      epoch 30/100 loss=0.026440 validation_mae=0.072091
      epoch 35/100 loss=0.034761 validation_mae=0.055907
      epoch 40/100 loss=0.028974 validation_mae=0.083600
      epoch 45/100 loss=0.029369 validation_mae=0.074463
      epoch 50/100 loss=0.029294 validation_mae=0.078853
      epoch 55/100 loss=0.029529 validation_mae=0.066280
      epoch 60/100 loss=0.030689 validation_mae=0.053153
      epoch 65/100 loss=0.028913 validation_mae=0.055326
      epoch 70/100 loss=0.027877 validation_mae=0.051378
      early stopping at epoch 73; best_epoch=63
    [GNN][Artificial1][NV-NMPr] k=8: best_epoch=63 validation_mae=0.035920
    [GNN][Artificial1][NV-NMPr] k=16: train=490, validation=70
      epoch 1/100 loss=1.282609 validation_mae=1.281449
      epoch 5/100 loss=0.099744 validation_mae=0.225237
      epoch 10/100 loss=0.050660 validation_mae=0.124614
      epoch 15/100 loss=0.041491 validation_mae=0.092238
      epoch 20/100 loss=0.037693 validation_mae=0.109005
      epoch 25/100 loss=0.034762 validation_mae=0.106533
      epoch 30/100 loss=0.033329 validation_mae=0.078424
      epoch 35/100 loss=0.031154 validation_mae=0.068274
      early stopping at epoch 38; best_epoch=28
    [GNN][Artificial1][NV-NMPr] k=16: best_epoch=28 validation_mae=0.055584
    [GNN][Artificial1][NV-NMPr] selected_k=8 refit_epochs=63
    [GNN][Artificial1][NV-NMPr] test_mae=0.054539 baseline=1.314286 n=140
    [Artificial1][NV-NMPr] fold 5/5: 42.3s
  [NV-NMPr] 179.2s
    [GNN][Artificial1][OB-M] device=cpu
    [GNN][Artificial1][OB-M] k=4: train=490, validation=70
      epoch 1/100 loss=0.591710 validation_f1_macro=0.825000
      epoch 5/100 loss=0.169654 validation_f1_macro=0.908217
      epoch 10/100 loss=0.131118 validation_f1_macro=0.924095
      epoch 15/100 loss=0.145300 validation_f1_macro=0.922891
      epoch 20/100 loss=0.125453 validation_f1_macro=0.909561
      epoch 25/100 loss=0.130674 validation_f1_macro=0.925134
      epoch 30/100 loss=0.120413 validation_f1_macro=0.900568
      epoch 35/100 loss=0.112091 validation_f1_macro=0.939707
      epoch 40/100 loss=0.109034 validation_f1_macro=0.938811
      epoch 45/100 loss=0.123272 validation_f1_macro=0.925134
      early stopping at epoch 49; best_epoch=39
    [GNN][Artificial1][OB-M] k=4: best_epoch=39 validation_f1_macro=0.952904
    [GNN][Artificial1][OB-M] k=8: train=490, validation=70
      epoch 1/100 loss=0.595996 validation_f1_macro=0.812410
      epoch 5/100 loss=0.144742 validation_f1_macro=0.906667
      epoch 10/100 loss=0.144327 validation_f1_macro=0.909561
      epoch 15/100 loss=0.123627 validation_f1_macro=0.900568
      epoch 20/100 loss=0.110865 validation_f1_macro=0.925134
      early stopping at epoch 22; best_epoch=12
    [GNN][Artificial1][OB-M] k=8: best_epoch=12 validation_f1_macro=0.925134
    [GNN][Artificial1][OB-M] k=16: train=490, validation=70
      epoch 1/100 loss=0.583771 validation_f1_macro=0.812410
      epoch 5/100 loss=0.152683 validation_f1_macro=0.906667
      epoch 10/100 loss=0.124858 validation_f1_macro=0.900568
      early stopping at epoch 13; best_epoch=3
    [GNN][Artificial1][OB-M] k=16: best_epoch=3 validation_f1_macro=0.909561
    [GNN][Artificial1][OB-M] selected_k=4 refit_epochs=39
    [GNN][Artificial1][OB-M] test_f1_macro=0.929018 baseline=0.401709 n=140
    [Artificial1][OB-M] fold 1/5: 23.0s
    [GNN][Artificial1][OB-M] device=cpu
    [GNN][Artificial1][OB-M] k=4: train=490, validation=70
      epoch 1/100 loss=0.583220 validation_f1_macro=0.870130
      epoch 5/100 loss=0.165364 validation_f1_macro=0.897468
      epoch 10/100 loss=0.128483 validation_f1_macro=0.912500
      epoch 15/100 loss=0.118985 validation_f1_macro=0.927371
      epoch 20/100 loss=0.117255 validation_f1_macro=0.940476
      epoch 25/100 loss=0.129091 validation_f1_macro=0.926763
      epoch 30/100 loss=0.110440 validation_f1_macro=0.955612
      epoch 35/100 loss=0.108513 validation_f1_macro=0.912500
      early stopping at epoch 39; best_epoch=29
    [GNN][Artificial1][OB-M] k=4: best_epoch=29 validation_f1_macro=0.955612
    [GNN][Artificial1][OB-M] k=8: train=490, validation=70
      epoch 1/100 loss=0.634247 validation_f1_macro=0.870769
      epoch 5/100 loss=0.187526 validation_f1_macro=0.898319
      epoch 10/100 loss=0.149331 validation_f1_macro=0.939707
      epoch 15/100 loss=0.113942 validation_f1_macro=0.926020
      early stopping at epoch 17; best_epoch=7
    [GNN][Artificial1][OB-M] k=8: best_epoch=7 validation_f1_macro=0.940476
    [GNN][Artificial1][OB-M] k=16: train=490, validation=70
      epoch 1/100 loss=0.610109 validation_f1_macro=0.799837
      epoch 5/100 loss=0.143172 validation_f1_macro=0.897468
      epoch 10/100 loss=0.136813 validation_f1_macro=0.911690
      epoch 15/100 loss=0.126380 validation_f1_macro=0.940476
      epoch 20/100 loss=0.114334 validation_f1_macro=0.927371
      epoch 25/100 loss=0.114237 validation_f1_macro=0.926763
      early stopping at epoch 25; best_epoch=15
    [GNN][Artificial1][OB-M] k=16: best_epoch=15 validation_f1_macro=0.940476
    [GNN][Artificial1][OB-M] selected_k=4 refit_epochs=29
    [GNN][Artificial1][OB-M] test_f1_macro=0.909561 baseline=0.393939 n=140
    [Artificial1][OB-M] fold 2/5: 20.8s
    [GNN][Artificial1][OB-M] device=cpu
    [GNN][Artificial1][OB-M] k=4: train=490, validation=70
      epoch 1/100 loss=0.591135 validation_f1_macro=0.793944
      epoch 5/100 loss=0.166479 validation_f1_macro=0.890110
      epoch 10/100 loss=0.129555 validation_f1_macro=0.887898
      early stopping at epoch 12; best_epoch=2
    [GNN][Artificial1][OB-M] k=4: best_epoch=2 validation_f1_macro=0.921507
    [GNN][Artificial1][OB-M] k=8: train=490, validation=70
      epoch 1/100 loss=0.649464 validation_f1_macro=0.813333
      epoch 5/100 loss=0.149332 validation_f1_macro=0.875556
      epoch 10/100 loss=0.136269 validation_f1_macro=0.890110
      early stopping at epoch 14; best_epoch=4
    [GNN][Artificial1][OB-M] k=8: best_epoch=4 validation_f1_macro=0.906667
    [GNN][Artificial1][OB-M] k=16: train=490, validation=70
      epoch 1/100 loss=0.614818 validation_f1_macro=0.712171
      epoch 5/100 loss=0.165805 validation_f1_macro=0.918129
      epoch 10/100 loss=0.128303 validation_f1_macro=0.904891
      epoch 15/100 loss=0.115398 validation_f1_macro=0.870490
      early stopping at epoch 15; best_epoch=5
    [GNN][Artificial1][OB-M] k=16: best_epoch=5 validation_f1_macro=0.918129
    [GNN][Artificial1][OB-M] selected_k=4 refit_epochs=2
    [GNN][Artificial1][OB-M] test_f1_macro=0.900952 baseline=0.385965 n=140
    [Artificial1][OB-M] fold 3/5: 8.9s
    [GNN][Artificial1][OB-M] device=cpu
    [GNN][Artificial1][OB-M] k=4: train=490, validation=70
      epoch 1/100 loss=0.588161 validation_f1_macro=0.799345
      epoch 5/100 loss=0.163980 validation_f1_macro=0.908217
      epoch 10/100 loss=0.124702 validation_f1_macro=0.895187
      early stopping at epoch 14; best_epoch=4
    [GNN][Artificial1][OB-M] k=4: best_epoch=4 validation_f1_macro=0.926020
    [GNN][Artificial1][OB-M] k=8: train=490, validation=70
      epoch 1/100 loss=0.636275 validation_f1_macro=0.799345
      epoch 5/100 loss=0.168675 validation_f1_macro=0.926020
      epoch 10/100 loss=0.139189 validation_f1_macro=0.926020
      early stopping at epoch 14; best_epoch=4
    [GNN][Artificial1][OB-M] k=8: best_epoch=4 validation_f1_macro=0.926020
    [GNN][Artificial1][OB-M] k=16: train=490, validation=70
      epoch 1/100 loss=0.621398 validation_f1_macro=0.757093
      epoch 5/100 loss=0.167642 validation_f1_macro=0.895187
      epoch 10/100 loss=0.142915 validation_f1_macro=0.910714
      epoch 15/100 loss=0.131261 validation_f1_macro=0.910714
      early stopping at epoch 17; best_epoch=7
    [GNN][Artificial1][OB-M] k=16: best_epoch=7 validation_f1_macro=0.926020
    [GNN][Artificial1][OB-M] selected_k=4 refit_epochs=4
    [GNN][Artificial1][OB-M] test_f1_macro=0.940107 baseline=0.388646 n=140
    [Artificial1][OB-M] fold 4/5: 9.9s
    [GNN][Artificial1][OB-M] device=cpu
    [GNN][Artificial1][OB-M] k=4: train=490, validation=70
      epoch 1/100 loss=0.585566 validation_f1_macro=0.869267
      epoch 5/100 loss=0.160357 validation_f1_macro=0.940476
      epoch 10/100 loss=0.137141 validation_f1_macro=0.940476
      epoch 15/100 loss=0.133178 validation_f1_macro=0.940476
      early stopping at epoch 17; best_epoch=7
    [GNN][Artificial1][OB-M] k=4: best_epoch=7 validation_f1_macro=0.984819
    [GNN][Artificial1][OB-M] k=8: train=490, validation=70
      epoch 1/100 loss=0.587098 validation_f1_macro=0.911690
      epoch 5/100 loss=0.154702 validation_f1_macro=0.940476
      epoch 10/100 loss=0.130143 validation_f1_macro=0.940476
      early stopping at epoch 14; best_epoch=4
    [GNN][Artificial1][OB-M] k=8: best_epoch=4 validation_f1_macro=0.940476
    [GNN][Artificial1][OB-M] k=16: train=490, validation=70
      epoch 1/100 loss=0.656360 validation_f1_macro=0.855252
      epoch 5/100 loss=0.163080 validation_f1_macro=0.940476
      epoch 10/100 loss=0.130311 validation_f1_macro=0.940476
      early stopping at epoch 13; best_epoch=3
    [GNN][Artificial1][OB-M] k=16: best_epoch=3 validation_f1_macro=0.940476
    [GNN][Artificial1][OB-M] selected_k=4 refit_epochs=7
    [GNN][Artificial1][OB-M] test_f1_macro=0.922891 baseline=0.399142 n=140
    [Artificial1][OB-M] fold 5/5: 10.3s
  [OB-M] 72.9s
  [time] Artificial1 total: 674.7s

===== RQ3 LOG: Artificial5 =====
Applying feature extraction to process executions
  0%|          | 0/100 [00:00<?, ?it/s] 13%|#3        | 13/100 [00:00<00:01, 45.41it/s]100%|##########| 100/100 [00:00<00:00, 335.70it/s]
    [GNN][Artificial5][NE-NPaA] device=cpu
    [GNN][Artificial5][NE-NPaA] k=4: train=1584, validation=224
      epoch 1/100 loss=1.251075 validation_f1_macro=0.438204
      epoch 5/100 loss=0.783415 validation_f1_macro=0.461534
      epoch 10/100 loss=0.736310 validation_f1_macro=0.457695
      epoch 15/100 loss=0.694926 validation_f1_macro=0.492578
      epoch 20/100 loss=0.639571 validation_f1_macro=0.514549
      epoch 25/100 loss=0.595271 validation_f1_macro=0.519147
      epoch 30/100 loss=0.564646 validation_f1_macro=0.516045
      epoch 35/100 loss=0.531410 validation_f1_macro=0.526280
      epoch 40/100 loss=0.494320 validation_f1_macro=0.498872
      epoch 45/100 loss=0.460966 validation_f1_macro=0.478448
      epoch 50/100 loss=0.434981 validation_f1_macro=0.512949
      early stopping at epoch 54; best_epoch=44
    [GNN][Artificial5][NE-NPaA] k=4: best_epoch=44 validation_f1_macro=0.530937
    [GNN][Artificial5][NE-NPaA] k=8: train=1584, validation=224
      epoch 1/100 loss=1.201614 validation_f1_macro=0.342206
      epoch 5/100 loss=0.774454 validation_f1_macro=0.478185
      epoch 10/100 loss=0.691951 validation_f1_macro=0.535832
      epoch 15/100 loss=0.633919 validation_f1_macro=0.515888
      epoch 20/100 loss=0.614658 validation_f1_macro=0.549694
      epoch 25/100 loss=0.572220 validation_f1_macro=0.526602
      early stopping at epoch 28; best_epoch=18
    [GNN][Artificial5][NE-NPaA] k=8: best_epoch=18 validation_f1_macro=0.640608
    [GNN][Artificial5][NE-NPaA] k=16: train=1584, validation=224
      epoch 1/100 loss=1.155167 validation_f1_macro=0.450458
      epoch 5/100 loss=0.768895 validation_f1_macro=0.455539
      epoch 10/100 loss=0.693619 validation_f1_macro=0.506808
      epoch 15/100 loss=0.642501 validation_f1_macro=0.534305
      early stopping at epoch 16; best_epoch=6
    [GNN][Artificial5][NE-NPaA] k=16: best_epoch=6 validation_f1_macro=0.551225
    [GNN][Artificial5][NE-NPaA] selected_k=8 refit_epochs=18
    [GNN][Artificial5][NE-NPaA] test_f1_macro=0.552110 baseline=0.178063 n=452
    [Artificial5][NE-NPaA] fold 1/5: 65.4s
    [GNN][Artificial5][NE-NPaA] device=cpu
    [GNN][Artificial5][NE-NPaA] k=4: train=1580, validation=226
      epoch 1/100 loss=1.221417 validation_f1_macro=0.461933
      epoch 5/100 loss=0.785366 validation_f1_macro=0.474318
      epoch 10/100 loss=0.725891 validation_f1_macro=0.495791
      epoch 15/100 loss=0.674547 validation_f1_macro=0.520084
      epoch 20/100 loss=0.635789 validation_f1_macro=0.543426
      epoch 25/100 loss=0.608692 validation_f1_macro=0.555926
      epoch 30/100 loss=0.577399 validation_f1_macro=0.553739
      epoch 35/100 loss=0.550683 validation_f1_macro=0.584597
      epoch 40/100 loss=0.501214 validation_f1_macro=0.568425
      early stopping at epoch 44; best_epoch=34
    [GNN][Artificial5][NE-NPaA] k=4: best_epoch=34 validation_f1_macro=0.591884
    [GNN][Artificial5][NE-NPaA] k=8: train=1580, validation=226
      epoch 1/100 loss=1.220392 validation_f1_macro=0.352981
      epoch 5/100 loss=0.761601 validation_f1_macro=0.488643
      epoch 10/100 loss=0.691501 validation_f1_macro=0.477057
      epoch 15/100 loss=0.650399 validation_f1_macro=0.508914
      epoch 20/100 loss=0.619735 validation_f1_macro=0.580666
      epoch 25/100 loss=0.576016 validation_f1_macro=0.582470
      epoch 30/100 loss=0.569714 validation_f1_macro=0.533749
      early stopping at epoch 32; best_epoch=22
    [GNN][Artificial5][NE-NPaA] k=8: best_epoch=22 validation_f1_macro=0.618443
    [GNN][Artificial5][NE-NPaA] k=16: train=1580, validation=226
      epoch 1/100 loss=1.174722 validation_f1_macro=0.426175
      epoch 5/100 loss=0.790584 validation_f1_macro=0.487131
      epoch 10/100 loss=0.718176 validation_f1_macro=0.496885
      epoch 15/100 loss=0.674078 validation_f1_macro=0.495237
      epoch 20/100 loss=0.616087 validation_f1_macro=0.516336
      epoch 25/100 loss=0.596132 validation_f1_macro=0.521406
      early stopping at epoch 26; best_epoch=16
    [GNN][Artificial5][NE-NPaA] k=16: best_epoch=16 validation_f1_macro=0.535909
    [GNN][Artificial5][NE-NPaA] selected_k=8 refit_epochs=22
    [GNN][Artificial5][NE-NPaA] test_f1_macro=0.551074 baseline=0.178014 n=454
    [Artificial5][NE-NPaA] fold 2/5: 71.0s
    [GNN][Artificial5][NE-NPaA] device=cpu
    [GNN][Artificial5][NE-NPaA] k=4: train=1586, validation=226
      epoch 1/100 loss=1.184021 validation_f1_macro=0.481177
      epoch 5/100 loss=0.785204 validation_f1_macro=0.500660
      epoch 10/100 loss=0.742270 validation_f1_macro=0.559123
      epoch 15/100 loss=0.692619 validation_f1_macro=0.588563
      epoch 20/100 loss=0.658025 validation_f1_macro=0.564657
      epoch 25/100 loss=0.634217 validation_f1_macro=0.609443
      epoch 30/100 loss=0.582360 validation_f1_macro=0.583341
      epoch 35/100 loss=0.550986 validation_f1_macro=0.596904
      early stopping at epoch 35; best_epoch=25
    [GNN][Artificial5][NE-NPaA] k=4: best_epoch=25 validation_f1_macro=0.609443
    [GNN][Artificial5][NE-NPaA] k=8: train=1586, validation=226
      epoch 1/100 loss=1.187272 validation_f1_macro=0.408955
      epoch 5/100 loss=0.772433 validation_f1_macro=0.529219
      epoch 10/100 loss=0.710314 validation_f1_macro=0.522593
      epoch 15/100 loss=0.662624 validation_f1_macro=0.577856
      epoch 20/100 loss=0.639936 validation_f1_macro=0.555108
      epoch 25/100 loss=0.596883 validation_f1_macro=0.563608
      epoch 30/100 loss=0.585152 validation_f1_macro=0.600187
      epoch 35/100 loss=0.566763 validation_f1_macro=0.607339
      epoch 40/100 loss=0.527536 validation_f1_macro=0.516694
      epoch 45/100 loss=0.489265 validation_f1_macro=0.582095
      early stopping at epoch 45; best_epoch=35
    [GNN][Artificial5][NE-NPaA] k=8: best_epoch=35 validation_f1_macro=0.607339
    [GNN][Artificial5][NE-NPaA] k=16: train=1586, validation=226
      epoch 1/100 loss=1.155419 validation_f1_macro=0.422114
      epoch 5/100 loss=0.796617 validation_f1_macro=0.522810
      epoch 10/100 loss=0.722140 validation_f1_macro=0.515056
      epoch 15/100 loss=0.656029 validation_f1_macro=0.518812
      epoch 20/100 loss=0.639444 validation_f1_macro=0.552805
      epoch 25/100 loss=0.601730 validation_f1_macro=0.575358
      early stopping at epoch 26; best_epoch=16
    [GNN][Artificial5][NE-NPaA] k=16: best_epoch=16 validation_f1_macro=0.620585
    [GNN][Artificial5][NE-NPaA] selected_k=16 refit_epochs=16
    [GNN][Artificial5][NE-NPaA] test_f1_macro=0.514797 baseline=0.177698 n=448
    [Artificial5][NE-NPaA] fold 3/5: 68.8s
    [GNN][Artificial5][NE-NPaA] device=cpu
    [GNN][Artificial5][NE-NPaA] k=4: train=1586, validation=222
      epoch 1/100 loss=1.185261 validation_f1_macro=0.372059
      epoch 5/100 loss=0.775778 validation_f1_macro=0.403822
      epoch 10/100 loss=0.716453 validation_f1_macro=0.459132
      epoch 15/100 loss=0.685303 validation_f1_macro=0.449850
      epoch 20/100 loss=0.636757 validation_f1_macro=0.488831
      epoch 25/100 loss=0.607044 validation_f1_macro=0.480867
      epoch 30/100 loss=0.567057 validation_f1_macro=0.475568
      early stopping at epoch 32; best_epoch=22
    [GNN][Artificial5][NE-NPaA] k=4: best_epoch=22 validation_f1_macro=0.508312
    [GNN][Artificial5][NE-NPaA] k=8: train=1586, validation=222
      epoch 1/100 loss=1.215582 validation_f1_macro=0.374036
      epoch 5/100 loss=0.761065 validation_f1_macro=0.459941
      epoch 10/100 loss=0.694253 validation_f1_macro=0.484409
      epoch 15/100 loss=0.644810 validation_f1_macro=0.482947
      early stopping at epoch 19; best_epoch=9
    [GNN][Artificial5][NE-NPaA] k=8: best_epoch=9 validation_f1_macro=0.535019
    [GNN][Artificial5][NE-NPaA] k=16: train=1586, validation=222
      epoch 1/100 loss=1.194564 validation_f1_macro=0.346531
      epoch 5/100 loss=0.774919 validation_f1_macro=0.452385
      epoch 10/100 loss=0.695325 validation_f1_macro=0.504470
      epoch 15/100 loss=0.652617 validation_f1_macro=0.489680
      epoch 20/100 loss=0.635517 validation_f1_macro=0.479426
      early stopping at epoch 22; best_epoch=12
    [GNN][Artificial5][NE-NPaA] k=16: best_epoch=12 validation_f1_macro=0.533883
    [GNN][Artificial5][NE-NPaA] selected_k=8 refit_epochs=9
    [GNN][Artificial5][NE-NPaA] test_f1_macro=0.528701 baseline=0.177143 n=452
    [Artificial5][NE-NPaA] fold 4/5: 47.4s
    [GNN][Artificial5][NE-NPaA] device=cpu
    [GNN][Artificial5][NE-NPaA] k=4: train=1582, validation=224
      epoch 1/100 loss=1.220447 validation_f1_macro=0.437723
      epoch 5/100 loss=0.799483 validation_f1_macro=0.470309
      epoch 10/100 loss=0.731722 validation_f1_macro=0.464785
      epoch 15/100 loss=0.669246 validation_f1_macro=0.474882
      epoch 20/100 loss=0.641504 validation_f1_macro=0.472435
      epoch 25/100 loss=0.612243 validation_f1_macro=0.508388
      early stopping at epoch 27; best_epoch=17
    [GNN][Artificial5][NE-NPaA] k=4: best_epoch=17 validation_f1_macro=0.535140
    [GNN][Artificial5][NE-NPaA] k=8: train=1582, validation=224
      epoch 1/100 loss=1.186428 validation_f1_macro=0.408140
      epoch 5/100 loss=0.769329 validation_f1_macro=0.541163
      epoch 10/100 loss=0.695650 validation_f1_macro=0.559736
      epoch 15/100 loss=0.652262 validation_f1_macro=0.524697
      epoch 20/100 loss=0.622880 validation_f1_macro=0.535490
      early stopping at epoch 20; best_epoch=10
    [GNN][Artificial5][NE-NPaA] k=8: best_epoch=10 validation_f1_macro=0.559736
    [GNN][Artificial5][NE-NPaA] k=16: train=1582, validation=224
      epoch 1/100 loss=1.231986 validation_f1_macro=0.430475
      epoch 5/100 loss=0.791627 validation_f1_macro=0.495396
      epoch 10/100 loss=0.689555 validation_f1_macro=0.514475
      epoch 15/100 loss=0.643158 validation_f1_macro=0.520300
      epoch 20/100 loss=0.606868 validation_f1_macro=0.498031
      epoch 25/100 loss=0.597628 validation_f1_macro=0.496547
      epoch 30/100 loss=0.552403 validation_f1_macro=0.564157
      epoch 35/100 loss=0.539833 validation_f1_macro=0.556711
      epoch 40/100 loss=0.502658 validation_f1_macro=0.475831
      early stopping at epoch 40; best_epoch=30
    [GNN][Artificial5][NE-NPaA] k=16: best_epoch=30 validation_f1_macro=0.564157
    [GNN][Artificial5][NE-NPaA] selected_k=16 refit_epochs=30
    [GNN][Artificial5][NE-NPaA] test_f1_macro=0.548689 baseline=0.176638 n=454
    [Artificial5][NE-NPaA] fold 5/5: 68.5s
  [NE-NPaA] 321.1s
    [GNN][Artificial5][NE-NMPr] device=cpu
    [GNN][Artificial5][NE-NMPr] k=4: train=1450, validation=204
      epoch 1/100 loss=2.269479 validation_f1_macro=0.272767
      epoch 5/100 loss=1.043916 validation_f1_macro=0.534592
      epoch 10/100 loss=0.884028 validation_f1_macro=0.495322
      epoch 15/100 loss=0.775267 validation_f1_macro=0.543733
      epoch 20/100 loss=0.692059 validation_f1_macro=0.556297
      epoch 25/100 loss=0.618346 validation_f1_macro=0.571060
      epoch 30/100 loss=0.543983 validation_f1_macro=0.563258
      epoch 35/100 loss=0.504592 validation_f1_macro=0.547915
      early stopping at epoch 35; best_epoch=25
    [GNN][Artificial5][NE-NMPr] k=4: best_epoch=25 validation_f1_macro=0.571060
    [GNN][Artificial5][NE-NMPr] k=8: train=1450, validation=204
      epoch 1/100 loss=2.273334 validation_f1_macro=0.236941
      epoch 5/100 loss=1.032988 validation_f1_macro=0.506664
      epoch 10/100 loss=0.857653 validation_f1_macro=0.512851
      epoch 15/100 loss=0.766607 validation_f1_macro=0.546896
      epoch 20/100 loss=0.691673 validation_f1_macro=0.536590
      early stopping at epoch 23; best_epoch=13
    [GNN][Artificial5][NE-NMPr] k=8: best_epoch=13 validation_f1_macro=0.589546
    [GNN][Artificial5][NE-NMPr] k=16: train=1450, validation=204
      epoch 1/100 loss=2.237092 validation_f1_macro=0.299282
      epoch 5/100 loss=1.059663 validation_f1_macro=0.513473
      epoch 10/100 loss=0.837894 validation_f1_macro=0.537224
      epoch 15/100 loss=0.755880 validation_f1_macro=0.564292
      epoch 20/100 loss=0.676208 validation_f1_macro=0.555749
      epoch 25/100 loss=0.643057 validation_f1_macro=0.544703
      early stopping at epoch 29; best_epoch=19
    [GNN][Artificial5][NE-NMPr] k=16: best_epoch=19 validation_f1_macro=0.590306
    [GNN][Artificial5][NE-NMPr] selected_k=16 refit_epochs=19
    [GNN][Artificial5][NE-NMPr] test_f1_macro=0.630245 baseline=0.020170 n=414
    [Artificial5][NE-NMPr] fold 1/5: 56.3s
    [GNN][Artificial5][NE-NMPr] device=cpu
    [GNN][Artificial5][NE-NMPr] k=4: train=1446, validation=207
      epoch 1/100 loss=2.300254 validation_f1_macro=0.327159
      epoch 5/100 loss=1.092004 validation_f1_macro=0.503868
      epoch 10/100 loss=0.887577 validation_f1_macro=0.535691
      epoch 15/100 loss=0.792850 validation_f1_macro=0.508758
      epoch 20/100 loss=0.715546 validation_f1_macro=0.541020
      epoch 25/100 loss=0.636757 validation_f1_macro=0.535234
      epoch 30/100 loss=0.561388 validation_f1_macro=0.630907
      early stopping at epoch 34; best_epoch=24
    [GNN][Artificial5][NE-NMPr] k=4: best_epoch=24 validation_f1_macro=0.655261
    [GNN][Artificial5][NE-NMPr] k=8: train=1446, validation=207
      epoch 1/100 loss=2.297371 validation_f1_macro=0.200210
      epoch 5/100 loss=1.055264 validation_f1_macro=0.513421
      epoch 10/100 loss=0.869464 validation_f1_macro=0.544722
      epoch 15/100 loss=0.760499 validation_f1_macro=0.547022
      epoch 20/100 loss=0.684119 validation_f1_macro=0.532444
      epoch 25/100 loss=0.609459 validation_f1_macro=0.566140
      early stopping at epoch 27; best_epoch=17
    [GNN][Artificial5][NE-NMPr] k=8: best_epoch=17 validation_f1_macro=0.648475
    [GNN][Artificial5][NE-NMPr] k=16: train=1446, validation=207
      epoch 1/100 loss=2.284569 validation_f1_macro=0.248440
      epoch 5/100 loss=1.098637 validation_f1_macro=0.448454
      epoch 10/100 loss=0.893302 validation_f1_macro=0.489860
      epoch 15/100 loss=0.812491 validation_f1_macro=0.530965
      epoch 20/100 loss=0.721849 validation_f1_macro=0.541750
      epoch 25/100 loss=0.707084 validation_f1_macro=0.579073
      epoch 30/100 loss=0.618289 validation_f1_macro=0.556331
      epoch 35/100 loss=0.587913 validation_f1_macro=0.547318
      epoch 40/100 loss=0.527274 validation_f1_macro=0.637118
      epoch 45/100 loss=0.490148 validation_f1_macro=0.632862
      epoch 50/100 loss=0.436102 validation_f1_macro=0.669470
      epoch 55/100 loss=0.410849 validation_f1_macro=0.661394
      epoch 60/100 loss=0.388526 validation_f1_macro=0.627834
      early stopping at epoch 60; best_epoch=50
    [GNN][Artificial5][NE-NMPr] k=16: best_epoch=50 validation_f1_macro=0.669470
    [GNN][Artificial5][NE-NMPr] selected_k=16 refit_epochs=50
    [GNN][Artificial5][NE-NMPr] test_f1_macro=0.703649 baseline=0.019504 n=415
    [Artificial5][NE-NMPr] fold 2/5: 89.9s
    [GNN][Artificial5][NE-NMPr] device=cpu
    [GNN][Artificial5][NE-NMPr] k=4: train=1454, validation=206
      epoch 1/100 loss=2.286828 validation_f1_macro=0.280936
      epoch 5/100 loss=1.077849 validation_f1_macro=0.561588
      epoch 10/100 loss=0.895803 validation_f1_macro=0.508714
      epoch 15/100 loss=0.798355 validation_f1_macro=0.602931
      epoch 20/100 loss=0.715398 validation_f1_macro=0.592693
      epoch 25/100 loss=0.650305 validation_f1_macro=0.602196
      epoch 30/100 loss=0.586250 validation_f1_macro=0.662290
      epoch 35/100 loss=0.518611 validation_f1_macro=0.656622
      epoch 40/100 loss=0.473745 validation_f1_macro=0.651800
      early stopping at epoch 42; best_epoch=32
    [GNN][Artificial5][NE-NMPr] k=4: best_epoch=32 validation_f1_macro=0.686129
    [GNN][Artificial5][NE-NMPr] k=8: train=1454, validation=206
      epoch 1/100 loss=2.308880 validation_f1_macro=0.203343
      epoch 5/100 loss=1.054336 validation_f1_macro=0.560698
      epoch 10/100 loss=0.835681 validation_f1_macro=0.609400
      epoch 15/100 loss=0.747811 validation_f1_macro=0.586105
      epoch 20/100 loss=0.671297 validation_f1_macro=0.629882
      epoch 25/100 loss=0.596749 validation_f1_macro=0.630156
      epoch 30/100 loss=0.544791 validation_f1_macro=0.631203
      epoch 35/100 loss=0.508309 validation_f1_macro=0.680231
      epoch 40/100 loss=0.458537 validation_f1_macro=0.676164
      epoch 45/100 loss=0.450688 validation_f1_macro=0.680065
      epoch 50/100 loss=0.405189 validation_f1_macro=0.673121
      epoch 55/100 loss=0.372058 validation_f1_macro=0.656318
      epoch 60/100 loss=0.346350 validation_f1_macro=0.648983
      early stopping at epoch 63; best_epoch=53
    [GNN][Artificial5][NE-NMPr] k=8: best_epoch=53 validation_f1_macro=0.693396
    [GNN][Artificial5][NE-NMPr] k=16: train=1454, validation=206
      epoch 1/100 loss=2.225438 validation_f1_macro=0.171751
      epoch 5/100 loss=1.047032 validation_f1_macro=0.533187
      epoch 10/100 loss=0.858281 validation_f1_macro=0.568170
      epoch 15/100 loss=0.771836 validation_f1_macro=0.586285
      epoch 20/100 loss=0.708869 validation_f1_macro=0.622764
      epoch 25/100 loss=0.630026 validation_f1_macro=0.658253
      epoch 30/100 loss=0.571862 validation_f1_macro=0.689433
      epoch 35/100 loss=0.514057 validation_f1_macro=0.663624
      epoch 40/100 loss=0.481974 validation_f1_macro=0.671784
      early stopping at epoch 40; best_epoch=30
    [GNN][Artificial5][NE-NMPr] k=16: best_epoch=30 validation_f1_macro=0.689433
    [GNN][Artificial5][NE-NMPr] selected_k=8 refit_epochs=53
    [GNN][Artificial5][NE-NMPr] test_f1_macro=0.651707 baseline=0.022293 n=408
    [Artificial5][NE-NMPr] fold 3/5: 103.0s
    [GNN][Artificial5][NE-NMPr] device=cpu
    [GNN][Artificial5][NE-NMPr] k=4: train=1452, validation=202
      epoch 1/100 loss=2.312603 validation_f1_macro=0.276832
      epoch 5/100 loss=1.091410 validation_f1_macro=0.461317
      epoch 10/100 loss=0.907761 validation_f1_macro=0.606099
      epoch 15/100 loss=0.806452 validation_f1_macro=0.632077
      epoch 20/100 loss=0.736332 validation_f1_macro=0.630693
      epoch 25/100 loss=0.673304 validation_f1_macro=0.641236
      epoch 30/100 loss=0.626754 validation_f1_macro=0.677147
      early stopping at epoch 33; best_epoch=23
    [GNN][Artificial5][NE-NMPr] k=4: best_epoch=23 validation_f1_macro=0.691171
    [GNN][Artificial5][NE-NMPr] k=8: train=1452, validation=202
      epoch 1/100 loss=2.277772 validation_f1_macro=0.201359
      epoch 5/100 loss=1.073260 validation_f1_macro=0.583446
      epoch 10/100 loss=0.852123 validation_f1_macro=0.621949
      epoch 15/100 loss=0.738118 validation_f1_macro=0.645050
      epoch 20/100 loss=0.695994 validation_f1_macro=0.650071
      early stopping at epoch 22; best_epoch=12
    [GNN][Artificial5][NE-NMPr] k=8: best_epoch=12 validation_f1_macro=0.650167
    [GNN][Artificial5][NE-NMPr] k=16: train=1452, validation=202
      epoch 1/100 loss=2.300124 validation_f1_macro=0.232213
      epoch 5/100 loss=1.051247 validation_f1_macro=0.476696
      epoch 10/100 loss=0.869731 validation_f1_macro=0.612075
      epoch 15/100 loss=0.770989 validation_f1_macro=0.569077
      epoch 20/100 loss=0.697324 validation_f1_macro=0.657769
      early stopping at epoch 23; best_epoch=13
    [GNN][Artificial5][NE-NMPr] k=16: best_epoch=13 validation_f1_macro=0.665952
    [GNN][Artificial5][NE-NMPr] selected_k=4 refit_epochs=23
    [GNN][Artificial5][NE-NMPr] test_f1_macro=0.585938 baseline=0.019545 n=414
    [Artificial5][NE-NMPr] fold 4/5: 53.8s
    [GNN][Artificial5][NE-NMPr] device=cpu
    [GNN][Artificial5][NE-NMPr] k=4: train=1446, validation=205
      epoch 1/100 loss=2.322619 validation_f1_macro=0.312086
      epoch 5/100 loss=1.117540 validation_f1_macro=0.593703
      epoch 10/100 loss=0.913809 validation_f1_macro=0.611985
      epoch 15/100 loss=0.815136 validation_f1_macro=0.666091
      epoch 20/100 loss=0.735598 validation_f1_macro=0.651011
      epoch 25/100 loss=0.639815 validation_f1_macro=0.686113
      epoch 30/100 loss=0.591903 validation_f1_macro=0.688991
      epoch 35/100 loss=0.564707 validation_f1_macro=0.649342
      early stopping at epoch 38; best_epoch=28
    [GNN][Artificial5][NE-NMPr] k=4: best_epoch=28 validation_f1_macro=0.691861
    [GNN][Artificial5][NE-NMPr] k=8: train=1446, validation=205
      epoch 1/100 loss=2.299320 validation_f1_macro=0.259452
      epoch 5/100 loss=1.068346 validation_f1_macro=0.582435
      epoch 10/100 loss=0.884682 validation_f1_macro=0.613489
      epoch 15/100 loss=0.780622 validation_f1_macro=0.646052
      epoch 20/100 loss=0.709744 validation_f1_macro=0.667388
      epoch 25/100 loss=0.651580 validation_f1_macro=0.694309
      epoch 30/100 loss=0.571099 validation_f1_macro=0.675281
      epoch 35/100 loss=0.507531 validation_f1_macro=0.695471
      epoch 40/100 loss=0.471064 validation_f1_macro=0.678369
      epoch 45/100 loss=0.435652 validation_f1_macro=0.643767
      early stopping at epoch 46; best_epoch=36
    [GNN][Artificial5][NE-NMPr] k=8: best_epoch=36 validation_f1_macro=0.704036
    [GNN][Artificial5][NE-NMPr] k=16: train=1446, validation=205
      epoch 1/100 loss=2.299765 validation_f1_macro=0.358201
      epoch 5/100 loss=1.102479 validation_f1_macro=0.594294
      epoch 10/100 loss=0.900639 validation_f1_macro=0.663895
      epoch 15/100 loss=0.776407 validation_f1_macro=0.609240
      epoch 20/100 loss=0.700734 validation_f1_macro=0.635862
      early stopping at epoch 20; best_epoch=10
    [GNN][Artificial5][NE-NMPr] k=16: best_epoch=10 validation_f1_macro=0.663895
    [GNN][Artificial5][NE-NMPr] selected_k=8 refit_epochs=36
    [GNN][Artificial5][NE-NMPr] test_f1_macro=0.691384 baseline=0.018479 n=417
    [Artificial5][NE-NMPr] fold 5/5: 73.5s
  [NE-NMPr] 376.4s
    [GNN][Artificial5][NV-PrT] device=cpu
    [GNN][Artificial5][NV-PrT] k=4: train=1584, validation=224
      epoch 1/100 loss=50.226672 validation_mae=33.791409
      epoch 5/100 loss=10.811192 validation_mae=10.852910
      epoch 10/100 loss=9.844880 validation_mae=9.965796
      epoch 15/100 loss=9.861721 validation_mae=10.085818
      epoch 20/100 loss=9.872352 validation_mae=9.992284
      epoch 25/100 loss=9.221211 validation_mae=9.764556
      epoch 30/100 loss=8.971880 validation_mae=10.090476
      epoch 35/100 loss=9.158822 validation_mae=9.796689
      epoch 40/100 loss=8.888959 validation_mae=9.548755
      early stopping at epoch 44; best_epoch=34
    [GNN][Artificial5][NV-PrT] k=4: best_epoch=34 validation_mae=9.462847
    [GNN][Artificial5][NV-PrT] k=8: train=1584, validation=224
      epoch 1/100 loss=49.889508 validation_mae=31.619108
      epoch 5/100 loss=10.501108 validation_mae=9.767042
      epoch 10/100 loss=9.845010 validation_mae=9.537786
      epoch 15/100 loss=9.515793 validation_mae=9.310628
      epoch 20/100 loss=9.041954 validation_mae=9.241907
      epoch 25/100 loss=8.757545 validation_mae=9.342093
      epoch 30/100 loss=8.398317 validation_mae=9.131318
      epoch 35/100 loss=8.352216 validation_mae=9.104552
      epoch 40/100 loss=8.156989 validation_mae=9.063375
      epoch 45/100 loss=7.982595 validation_mae=9.102033
      epoch 50/100 loss=7.802359 validation_mae=9.303773
      early stopping at epoch 50; best_epoch=40
    [GNN][Artificial5][NV-PrT] k=8: best_epoch=40 validation_mae=9.063375
    [GNN][Artificial5][NV-PrT] k=16: train=1584, validation=224
      epoch 1/100 loss=48.741479 validation_mae=30.341898
      epoch 5/100 loss=10.305877 validation_mae=10.310134
      epoch 10/100 loss=9.392336 validation_mae=9.904341
      epoch 15/100 loss=9.278388 validation_mae=10.673964
      epoch 20/100 loss=8.641966 validation_mae=9.784182
      epoch 25/100 loss=7.981788 validation_mae=9.730138
      epoch 30/100 loss=8.072807 validation_mae=9.076938
      epoch 35/100 loss=7.912294 validation_mae=9.536427
      epoch 40/100 loss=7.908878 validation_mae=9.755748
      early stopping at epoch 41; best_epoch=31
    [GNN][Artificial5][NV-PrT] k=16: best_epoch=31 validation_mae=8.965215
    [GNN][Artificial5][NV-PrT] selected_k=16 refit_epochs=31
    [GNN][Artificial5][NV-PrT] test_mae=10.797497 baseline=33.902117 n=452
    [Artificial5][NV-PrT] fold 1/5: 92.3s
    [GNN][Artificial5][NV-PrT] device=cpu
    [GNN][Artificial5][NV-PrT] k=4: train=1580, validation=226
      epoch 1/100 loss=49.053837 validation_mae=37.369297
      epoch 5/100 loss=11.183925 validation_mae=13.114244
      epoch 10/100 loss=10.048751 validation_mae=12.566195
      epoch 15/100 loss=9.769334 validation_mae=11.389834
      epoch 20/100 loss=9.569695 validation_mae=10.777245
      epoch 25/100 loss=9.095449 validation_mae=10.765838
      epoch 30/100 loss=8.849893 validation_mae=12.908186
      epoch 35/100 loss=8.964767 validation_mae=11.719754
      early stopping at epoch 36; best_epoch=26
    [GNN][Artificial5][NV-PrT] k=4: best_epoch=26 validation_mae=10.654688
    [GNN][Artificial5][NV-PrT] k=8: train=1580, validation=226
      epoch 1/100 loss=47.855805 validation_mae=31.879148
      epoch 5/100 loss=10.305076 validation_mae=10.406472
      epoch 10/100 loss=9.613139 validation_mae=10.729380
      epoch 15/100 loss=9.365529 validation_mae=11.050355
      epoch 20/100 loss=8.982493 validation_mae=10.984844
      early stopping at epoch 22; best_epoch=12
    [GNN][Artificial5][NV-PrT] k=8: best_epoch=12 validation_mae=10.085655
    [GNN][Artificial5][NV-PrT] k=16: train=1580, validation=226
      epoch 1/100 loss=49.610480 validation_mae=39.069473
      epoch 5/100 loss=10.494242 validation_mae=10.618376
      epoch 10/100 loss=9.774434 validation_mae=9.710947
      epoch 15/100 loss=9.340647 validation_mae=10.465375
      epoch 20/100 loss=8.850292 validation_mae=9.936722
      early stopping at epoch 23; best_epoch=13
    [GNN][Artificial5][NV-PrT] k=16: best_epoch=13 validation_mae=9.700257
    [GNN][Artificial5][NV-PrT] selected_k=16 refit_epochs=13
    [GNN][Artificial5][NV-PrT] test_mae=9.569590 baseline=34.557648 n=454
    [Artificial5][NV-PrT] fold 2/5: 54.4s
    [GNN][Artificial5][NV-PrT] device=cpu
    [GNN][Artificial5][NV-PrT] k=4: train=1586, validation=226
      epoch 1/100 loss=51.030327 validation_mae=37.326916
      epoch 5/100 loss=11.695039 validation_mae=11.183939
      epoch 10/100 loss=10.290924 validation_mae=9.172258
      epoch 15/100 loss=10.050370 validation_mae=9.250099
      epoch 20/100 loss=9.929177 validation_mae=9.839987
      early stopping at epoch 24; best_epoch=14
    [GNN][Artificial5][NV-PrT] k=4: best_epoch=14 validation_mae=8.913200
    [GNN][Artificial5][NV-PrT] k=8: train=1586, validation=226
      epoch 1/100 loss=50.755854 validation_mae=34.884468
      epoch 5/100 loss=10.811737 validation_mae=8.835749
      epoch 10/100 loss=10.380245 validation_mae=9.111147
      epoch 15/100 loss=9.917044 validation_mae=8.484011
      epoch 20/100 loss=9.709942 validation_mae=8.802923
      epoch 25/100 loss=9.309063 validation_mae=8.355193
      epoch 30/100 loss=8.944281 validation_mae=8.373302
      early stopping at epoch 32; best_epoch=22
    [GNN][Artificial5][NV-PrT] k=8: best_epoch=22 validation_mae=8.268852
    [GNN][Artificial5][NV-PrT] k=16: train=1586, validation=226
      epoch 1/100 loss=50.562748 validation_mae=33.771084
      epoch 5/100 loss=10.596710 validation_mae=8.753466
      epoch 10/100 loss=9.879999 validation_mae=9.244069
      early stopping at epoch 14; best_epoch=4
    [GNN][Artificial5][NV-PrT] k=16: best_epoch=4 validation_mae=8.707639
    [GNN][Artificial5][NV-PrT] selected_k=8 refit_epochs=22
    [GNN][Artificial5][NV-PrT] test_mae=9.040882 baseline=31.807060 n=448
    [Artificial5][NV-PrT] fold 3/5: 53.0s
    [GNN][Artificial5][NV-PrT] device=cpu
    [GNN][Artificial5][NV-PrT] k=4: train=1586, validation=222
      epoch 1/100 loss=50.556936 validation_mae=35.033081
      epoch 5/100 loss=11.347709 validation_mae=10.042933
      epoch 10/100 loss=10.193909 validation_mae=9.082008
      epoch 15/100 loss=9.741216 validation_mae=8.999205
      epoch 20/100 loss=9.477001 validation_mae=9.139545
      epoch 25/100 loss=9.212771 validation_mae=8.766192
      epoch 30/100 loss=8.938555 validation_mae=9.060286
      epoch 35/100 loss=8.895298 validation_mae=8.922368
      early stopping at epoch 38; best_epoch=28
    [GNN][Artificial5][NV-PrT] k=4: best_epoch=28 validation_mae=8.755239
    [GNN][Artificial5][NV-PrT] k=8: train=1586, validation=222
      epoch 1/100 loss=50.615248 validation_mae=34.084869
      epoch 5/100 loss=10.166323 validation_mae=8.706238
      epoch 10/100 loss=9.784508 validation_mae=8.717021
      epoch 15/100 loss=9.171659 validation_mae=8.665130
      epoch 20/100 loss=8.771553 validation_mae=8.565306
      early stopping at epoch 22; best_epoch=12
    [GNN][Artificial5][NV-PrT] k=8: best_epoch=12 validation_mae=8.464843
    [GNN][Artificial5][NV-PrT] k=16: train=1586, validation=222
      epoch 1/100 loss=48.526850 validation_mae=28.858543
      epoch 5/100 loss=9.623014 validation_mae=8.475707
      epoch 10/100 loss=8.947825 validation_mae=8.703148
      epoch 15/100 loss=8.351133 validation_mae=9.028664
      early stopping at epoch 19; best_epoch=9
    [GNN][Artificial5][NV-PrT] k=16: best_epoch=9 validation_mae=8.405421
    [GNN][Artificial5][NV-PrT] selected_k=16 refit_epochs=9
    [GNN][Artificial5][NV-PrT] test_mae=11.086986 baseline=32.970887 n=452
    [Artificial5][NV-PrT] fold 4/5: 50.0s
    [GNN][Artificial5][NV-PrT] device=cpu
    [GNN][Artificial5][NV-PrT] k=4: train=1582, validation=224
      epoch 1/100 loss=51.009435 validation_mae=30.109493
      epoch 5/100 loss=11.325010 validation_mae=10.976227
      epoch 10/100 loss=10.411019 validation_mae=10.374168
      epoch 15/100 loss=10.037494 validation_mae=12.115892
      epoch 20/100 loss=9.629987 validation_mae=10.987823
      early stopping at epoch 20; best_epoch=10
    [GNN][Artificial5][NV-PrT] k=4: best_epoch=10 validation_mae=10.374168
    [GNN][Artificial5][NV-PrT] k=8: train=1582, validation=224
      epoch 1/100 loss=51.371597 validation_mae=31.782440
      epoch 5/100 loss=10.581759 validation_mae=10.817529
      epoch 10/100 loss=9.625099 validation_mae=10.900031
      early stopping at epoch 14; best_epoch=4
    [GNN][Artificial5][NV-PrT] k=8: best_epoch=4 validation_mae=10.256762
    [GNN][Artificial5][NV-PrT] k=16: train=1582, validation=224
      epoch 1/100 loss=50.230368 validation_mae=28.902868
      epoch 5/100 loss=10.555960 validation_mae=10.856768
      epoch 10/100 loss=9.451196 validation_mae=10.395442
      epoch 15/100 loss=9.778189 validation_mae=11.292411
      epoch 20/100 loss=9.176097 validation_mae=10.491551
      epoch 25/100 loss=9.153177 validation_mae=11.485872
      epoch 30/100 loss=8.906532 validation_mae=10.130788
      epoch 35/100 loss=8.330158 validation_mae=10.068651
      epoch 40/100 loss=8.304082 validation_mae=11.719481
      epoch 45/100 loss=8.131541 validation_mae=10.789232
      early stopping at epoch 49; best_epoch=39
    [GNN][Artificial5][NV-PrT] k=16: best_epoch=39 validation_mae=9.776054
    [GNN][Artificial5][NV-PrT] selected_k=16 refit_epochs=39
    [GNN][Artificial5][NV-PrT] test_mae=9.858579 baseline=34.619661 n=454
    [Artificial5][NV-PrT] fold 5/5: 71.5s
  [NV-PrT] 321.3s
    [GNN][Artificial5][NV-PaT] device=cpu
    [GNN][Artificial5][NV-PaT] k=4: train=1584, validation=224
      epoch 1/100 loss=49.186640 validation_mae=33.689381
      epoch 5/100 loss=10.223470 validation_mae=10.640271
      epoch 10/100 loss=9.261904 validation_mae=9.910196
      epoch 15/100 loss=9.227248 validation_mae=10.165902
      epoch 20/100 loss=9.262372 validation_mae=10.016314
      epoch 25/100 loss=8.667147 validation_mae=9.691231
      epoch 30/100 loss=8.402390 validation_mae=9.929317
      epoch 35/100 loss=8.428777 validation_mae=9.538899
      epoch 40/100 loss=8.222919 validation_mae=9.602692
      early stopping at epoch 42; best_epoch=32
    [GNN][Artificial5][NV-PaT] k=4: best_epoch=32 validation_mae=9.352395
    [GNN][Artificial5][NV-PaT] k=8: train=1584, validation=224
      epoch 1/100 loss=49.086777 validation_mae=32.799854
      epoch 5/100 loss=9.805331 validation_mae=9.807141
      epoch 10/100 loss=9.381391 validation_mae=10.703250
      epoch 15/100 loss=8.878774 validation_mae=10.053386
      epoch 20/100 loss=8.638635 validation_mae=9.826970
      epoch 25/100 loss=8.323127 validation_mae=9.748998
      epoch 30/100 loss=7.910422 validation_mae=9.662982
      epoch 35/100 loss=7.769709 validation_mae=9.995033
      early stopping at epoch 36; best_epoch=26
    [GNN][Artificial5][NV-PaT] k=8: best_epoch=26 validation_mae=9.488401
    [GNN][Artificial5][NV-PaT] k=16: train=1584, validation=224
      epoch 1/100 loss=48.516495 validation_mae=31.226221
      epoch 5/100 loss=9.448477 validation_mae=9.758238
      epoch 10/100 loss=8.812463 validation_mae=9.692825
      epoch 15/100 loss=8.225049 validation_mae=9.536078
      epoch 20/100 loss=8.014590 validation_mae=9.479746
      epoch 25/100 loss=7.710911 validation_mae=9.244914
      epoch 30/100 loss=7.505154 validation_mae=9.237810
      early stopping at epoch 33; best_epoch=23
    [GNN][Artificial5][NV-PaT] k=16: best_epoch=23 validation_mae=9.034524
    [GNN][Artificial5][NV-PaT] selected_k=16 refit_epochs=23
    [GNN][Artificial5][NV-PaT] test_mae=9.947441 baseline=33.908334 n=452
    [Artificial5][NV-PaT] fold 1/5: 75.2s
    [GNN][Artificial5][NV-PaT] device=cpu
    [GNN][Artificial5][NV-PaT] k=4: train=1580, validation=226
      epoch 1/100 loss=48.063560 validation_mae=36.446724
      epoch 5/100 loss=10.667726 validation_mae=13.011380
      epoch 10/100 loss=9.505230 validation_mae=11.695054
      epoch 15/100 loss=9.285965 validation_mae=10.607613
      epoch 20/100 loss=9.089690 validation_mae=10.331243
      epoch 25/100 loss=8.757332 validation_mae=10.168092
      early stopping at epoch 29; best_epoch=19
    [GNN][Artificial5][NV-PaT] k=4: best_epoch=19 validation_mae=9.792947
    [GNN][Artificial5][NV-PaT] k=8: train=1580, validation=226
      epoch 1/100 loss=48.102117 validation_mae=33.788574
      epoch 5/100 loss=9.745010 validation_mae=9.714541
      epoch 10/100 loss=9.387480 validation_mae=9.630705
      epoch 15/100 loss=8.960640 validation_mae=9.550558
      epoch 20/100 loss=8.395964 validation_mae=9.335747
      epoch 25/100 loss=8.369698 validation_mae=9.886907
      epoch 30/100 loss=7.881645 validation_mae=9.920755
      epoch 35/100 loss=7.848450 validation_mae=9.557702
      epoch 40/100 loss=7.694173 validation_mae=10.092993
      early stopping at epoch 42; best_epoch=32
    [GNN][Artificial5][NV-PaT] k=8: best_epoch=32 validation_mae=8.750782
    [GNN][Artificial5][NV-PaT] k=16: train=1580, validation=226
      epoch 1/100 loss=46.603149 validation_mae=31.008242
      epoch 5/100 loss=9.688529 validation_mae=9.722955
      epoch 10/100 loss=9.451247 validation_mae=10.156688
      epoch 15/100 loss=9.280824 validation_mae=10.818731
      epoch 20/100 loss=8.679889 validation_mae=9.771515
      epoch 25/100 loss=8.339236 validation_mae=9.307339
      epoch 30/100 loss=8.238982 validation_mae=8.809845
      epoch 35/100 loss=7.897233 validation_mae=10.191255
      epoch 40/100 loss=7.845741 validation_mae=8.672621
      early stopping at epoch 41; best_epoch=31
    [GNN][Artificial5][NV-PaT] k=16: best_epoch=31 validation_mae=8.463894
    [GNN][Artificial5][NV-PaT] selected_k=16 refit_epochs=31
    [GNN][Artificial5][NV-PaT] test_mae=8.444943 baseline=34.590678 n=454
    [Artificial5][NV-PaT] fold 2/5: 82.0s
    [GNN][Artificial5][NV-PaT] device=cpu
    [GNN][Artificial5][NV-PaT] k=4: train=1586, validation=226
      epoch 1/100 loss=49.772082 validation_mae=37.126503
      epoch 5/100 loss=11.073708 validation_mae=11.669123
      epoch 10/100 loss=9.681831 validation_mae=9.123811
      epoch 15/100 loss=9.530934 validation_mae=9.217559
      epoch 20/100 loss=9.363184 validation_mae=9.932454
      epoch 25/100 loss=8.794888 validation_mae=9.193098
      epoch 30/100 loss=8.922141 validation_mae=9.187736
      early stopping at epoch 31; best_epoch=21
    [GNN][Artificial5][NV-PaT] k=4: best_epoch=21 validation_mae=8.968313
    [GNN][Artificial5][NV-PaT] k=8: train=1586, validation=226
      epoch 1/100 loss=48.568867 validation_mae=32.429287
      epoch 5/100 loss=9.815907 validation_mae=10.689619
      epoch 10/100 loss=9.435691 validation_mae=9.492117
      epoch 15/100 loss=9.081229 validation_mae=8.570860
      epoch 20/100 loss=8.496206 validation_mae=9.370580
      early stopping at epoch 22; best_epoch=12
    [GNN][Artificial5][NV-PaT] k=8: best_epoch=12 validation_mae=8.486083
    [GNN][Artificial5][NV-PaT] k=16: train=1586, validation=226
      epoch 1/100 loss=50.677096 validation_mae=39.213326
      epoch 5/100 loss=9.820982 validation_mae=9.570408
      epoch 10/100 loss=9.290938 validation_mae=9.507396
      early stopping at epoch 13; best_epoch=3
    [GNN][Artificial5][NV-PaT] k=16: best_epoch=3 validation_mae=9.155555
    [GNN][Artificial5][NV-PaT] selected_k=8 refit_epochs=12
    [GNN][Artificial5][NV-PaT] test_mae=8.577283 baseline=31.664980 n=448
    [Artificial5][NV-PaT] fold 3/5: 45.0s
    [GNN][Artificial5][NV-PaT] device=cpu
    [GNN][Artificial5][NV-PaT] k=4: train=1586, validation=222
      epoch 1/100 loss=49.579806 validation_mae=34.284618
      epoch 5/100 loss=10.862643 validation_mae=9.392677
      epoch 10/100 loss=9.644227 validation_mae=8.374947
      epoch 15/100 loss=9.231344 validation_mae=8.077064
      epoch 20/100 loss=8.992241 validation_mae=8.326686
      epoch 25/100 loss=8.770122 validation_mae=7.972699
      epoch 30/100 loss=8.317001 validation_mae=8.087790
      epoch 35/100 loss=8.394743 validation_mae=8.116033
      early stopping at epoch 36; best_epoch=26
    [GNN][Artificial5][NV-PaT] k=4: best_epoch=26 validation_mae=7.882238
    [GNN][Artificial5][NV-PaT] k=8: train=1586, validation=222
      epoch 1/100 loss=48.547401 validation_mae=29.790148
      epoch 5/100 loss=9.796904 validation_mae=8.068909
      epoch 10/100 loss=8.936057 validation_mae=7.725002
      epoch 15/100 loss=8.778930 validation_mae=7.789710
      epoch 20/100 loss=8.354656 validation_mae=7.942123
      early stopping at epoch 21; best_epoch=11
    [GNN][Artificial5][NV-PaT] k=8: best_epoch=11 validation_mae=7.716288
    [GNN][Artificial5][NV-PaT] k=16: train=1586, validation=222
      epoch 1/100 loss=47.694491 validation_mae=27.967487
      epoch 5/100 loss=9.250132 validation_mae=8.394305
      epoch 10/100 loss=8.684301 validation_mae=8.083765
      epoch 15/100 loss=8.544875 validation_mae=8.157482
      epoch 20/100 loss=7.886114 validation_mae=8.118475
      epoch 25/100 loss=7.712714 validation_mae=7.932508
      epoch 30/100 loss=7.345695 validation_mae=8.238714
      early stopping at epoch 31; best_epoch=21
    [GNN][Artificial5][NV-PaT] k=16: best_epoch=21 validation_mae=7.868166
    [GNN][Artificial5][NV-PaT] selected_k=8 refit_epochs=11
    [GNN][Artificial5][NV-PaT] test_mae=10.630948 baseline=32.793628 n=452
    [Artificial5][NV-PaT] fold 4/5: 55.8s
    [GNN][Artificial5][NV-PaT] device=cpu
    [GNN][Artificial5][NV-PaT] k=4: train=1582, validation=224
      epoch 1/100 loss=50.140025 validation_mae=29.643703
      epoch 5/100 loss=10.776974 validation_mae=11.296613
      epoch 10/100 loss=9.839621 validation_mae=10.563968
      epoch 15/100 loss=9.601706 validation_mae=11.377043
      epoch 20/100 loss=9.103193 validation_mae=11.244609
      epoch 25/100 loss=8.788451 validation_mae=10.776774
      epoch 30/100 loss=8.555186 validation_mae=11.656736
      early stopping at epoch 33; best_epoch=23
    [GNN][Artificial5][NV-PaT] k=4: best_epoch=23 validation_mae=10.183105
    [GNN][Artificial5][NV-PaT] k=8: train=1582, validation=224
      epoch 1/100 loss=49.402374 validation_mae=28.264660
      epoch 5/100 loss=10.304461 validation_mae=10.998345
      epoch 10/100 loss=9.366730 validation_mae=10.913862
      epoch 15/100 loss=9.295937 validation_mae=11.395000
      epoch 20/100 loss=8.696719 validation_mae=9.882733
      early stopping at epoch 24; best_epoch=14
    [GNN][Artificial5][NV-PaT] k=8: best_epoch=14 validation_mae=9.793979
    [GNN][Artificial5][NV-PaT] k=16: train=1582, validation=224
      epoch 1/100 loss=50.435735 validation_mae=31.444815
      epoch 5/100 loss=10.073587 validation_mae=10.075465
      epoch 10/100 loss=9.366628 validation_mae=10.299263
      epoch 15/100 loss=8.999333 validation_mae=10.210785
      early stopping at epoch 15; best_epoch=5
    [GNN][Artificial5][NV-PaT] k=16: best_epoch=5 validation_mae=10.075465
    [GNN][Artificial5][NV-PaT] selected_k=8 refit_epochs=14
    [GNN][Artificial5][NV-PaT] test_mae=9.724603 baseline=34.552291 n=454
    [Artificial5][NV-PaT] fold 5/5: 50.1s
  [NV-PaT] 308.1s
    [GNN][Artificial5][NV-NMPr] device=cpu
    [GNN][Artificial5][NV-NMPr] k=4: train=1584, validation=224
      epoch 1/100 loss=2.389646 validation_mae=1.048722
      epoch 5/100 loss=0.516418 validation_mae=0.720402
      epoch 10/100 loss=0.462191 validation_mae=0.686254
      epoch 15/100 loss=0.459253 validation_mae=0.690165
      epoch 20/100 loss=0.420850 validation_mae=0.661956
      epoch 25/100 loss=0.361903 validation_mae=0.679355
      epoch 30/100 loss=0.359704 validation_mae=0.688769
      early stopping at epoch 30; best_epoch=20
    [GNN][Artificial5][NV-NMPr] k=4: best_epoch=20 validation_mae=0.661956
    [GNN][Artificial5][NV-NMPr] k=8: train=1584, validation=224
      epoch 1/100 loss=2.335966 validation_mae=0.992990
      epoch 5/100 loss=0.533070 validation_mae=0.726074
      epoch 10/100 loss=0.424948 validation_mae=0.700440
      epoch 15/100 loss=0.383779 validation_mae=0.700829
      epoch 20/100 loss=0.343985 validation_mae=0.709604
      early stopping at epoch 20; best_epoch=10
    [GNN][Artificial5][NV-NMPr] k=8: best_epoch=10 validation_mae=0.700440
    [GNN][Artificial5][NV-NMPr] k=16: train=1584, validation=224
      epoch 1/100 loss=2.284558 validation_mae=1.058758
      epoch 5/100 loss=0.545748 validation_mae=0.746509
      epoch 10/100 loss=0.445845 validation_mae=0.666279
      epoch 15/100 loss=0.388871 validation_mae=0.634616
      epoch 20/100 loss=0.325758 validation_mae=0.633983
      early stopping at epoch 21; best_epoch=11
    [GNN][Artificial5][NV-NMPr] k=16: best_epoch=11 validation_mae=0.620987
    [GNN][Artificial5][NV-NMPr] selected_k=16 refit_epochs=11
    [GNN][Artificial5][NV-NMPr] test_mae=0.922203 baseline=2.548673 n=452
    [Artificial5][NV-NMPr] fold 1/5: 47.2s
    [GNN][Artificial5][NV-NMPr] device=cpu
    [GNN][Artificial5][NV-NMPr] k=4: train=1580, validation=226
      epoch 1/100 loss=2.389460 validation_mae=1.172015
      epoch 5/100 loss=0.530234 validation_mae=0.950805
      epoch 10/100 loss=0.467682 validation_mae=0.815339
      epoch 15/100 loss=0.424353 validation_mae=0.807995
      early stopping at epoch 17; best_epoch=7
    [GNN][Artificial5][NV-NMPr] k=4: best_epoch=7 validation_mae=0.782347
    [GNN][Artificial5][NV-NMPr] k=8: train=1580, validation=226
      epoch 1/100 loss=2.344830 validation_mae=1.155150
      epoch 5/100 loss=0.538829 validation_mae=0.780579
      epoch 10/100 loss=0.466838 validation_mae=0.801949
      epoch 15/100 loss=0.409731 validation_mae=0.835232
      early stopping at epoch 18; best_epoch=8
    [GNN][Artificial5][NV-NMPr] k=8: best_epoch=8 validation_mae=0.776460
    [GNN][Artificial5][NV-NMPr] k=16: train=1580, validation=226
      epoch 1/100 loss=2.426555 validation_mae=1.202589
      epoch 5/100 loss=0.542967 validation_mae=0.769548
      epoch 10/100 loss=0.435337 validation_mae=0.783106
      epoch 15/100 loss=0.398873 validation_mae=0.864149
      early stopping at epoch 18; best_epoch=8
    [GNN][Artificial5][NV-NMPr] k=16: best_epoch=8 validation_mae=0.765808
    [GNN][Artificial5][NV-NMPr] selected_k=16 refit_epochs=8
    [GNN][Artificial5][NV-NMPr] test_mae=0.872004 baseline=2.618943 n=454
    [Artificial5][NV-NMPr] fold 2/5: 36.7s
    [GNN][Artificial5][NV-NMPr] device=cpu
    [GNN][Artificial5][NV-NMPr] k=4: train=1586, validation=226
      epoch 1/100 loss=2.331310 validation_mae=1.313508
      epoch 5/100 loss=0.514391 validation_mae=0.879365
      epoch 10/100 loss=0.468045 validation_mae=0.872002
      epoch 15/100 loss=0.428807 validation_mae=0.851976
      early stopping at epoch 17; best_epoch=7
    [GNN][Artificial5][NV-NMPr] k=4: best_epoch=7 validation_mae=0.842074
    [GNN][Artificial5][NV-NMPr] k=8: train=1586, validation=226
      epoch 1/100 loss=2.084283 validation_mae=1.188501
      epoch 5/100 loss=0.535999 validation_mae=0.877451
      epoch 10/100 loss=0.436820 validation_mae=0.815358
      epoch 15/100 loss=0.391819 validation_mae=0.828503
      epoch 20/100 loss=0.342351 validation_mae=0.894996
      early stopping at epoch 22; best_epoch=12
    [GNN][Artificial5][NV-NMPr] k=8: best_epoch=12 validation_mae=0.810548
    [GNN][Artificial5][NV-NMPr] k=16: train=1586, validation=226
      epoch 1/100 loss=2.543169 validation_mae=1.436646
      epoch 5/100 loss=0.497937 validation_mae=0.783348
      epoch 10/100 loss=0.432001 validation_mae=0.799226
      epoch 15/100 loss=0.374568 validation_mae=0.864715
      early stopping at epoch 15; best_epoch=5
    [GNN][Artificial5][NV-NMPr] k=16: best_epoch=5 validation_mae=0.783348
    [GNN][Artificial5][NV-NMPr] selected_k=16 refit_epochs=5
    [GNN][Artificial5][NV-NMPr] test_mae=0.878391 baseline=2.600446 n=448
    [Artificial5][NV-NMPr] fold 3/5: 34.9s
    [GNN][Artificial5][NV-NMPr] device=cpu
    [GNN][Artificial5][NV-NMPr] k=4: train=1586, validation=222
      epoch 1/100 loss=2.404487 validation_mae=1.115709
      epoch 5/100 loss=0.571870 validation_mae=0.751371
      epoch 10/100 loss=0.494641 validation_mae=0.729708
      epoch 15/100 loss=0.471629 validation_mae=0.726427
      early stopping at epoch 16; best_epoch=6
    [GNN][Artificial5][NV-NMPr] k=4: best_epoch=6 validation_mae=0.675510
    [GNN][Artificial5][NV-NMPr] k=8: train=1586, validation=222
      epoch 1/100 loss=2.366889 validation_mae=1.058796
      epoch 5/100 loss=0.545422 validation_mae=0.798206
      epoch 10/100 loss=0.486471 validation_mae=0.676550
      epoch 15/100 loss=0.442564 validation_mae=0.724540
      epoch 20/100 loss=0.409819 validation_mae=0.752570
      epoch 25/100 loss=0.353955 validation_mae=0.763777
      early stopping at epoch 27; best_epoch=17
    [GNN][Artificial5][NV-NMPr] k=8: best_epoch=17 validation_mae=0.657984
    [GNN][Artificial5][NV-NMPr] k=16: train=1586, validation=222
      epoch 1/100 loss=2.481539 validation_mae=1.173693
      epoch 5/100 loss=0.543302 validation_mae=0.752894
      epoch 10/100 loss=0.455852 validation_mae=0.608970
      epoch 15/100 loss=0.407676 validation_mae=0.652038
      epoch 20/100 loss=0.359374 validation_mae=0.675661
      early stopping at epoch 20; best_epoch=10
    [GNN][Artificial5][NV-NMPr] k=16: best_epoch=10 validation_mae=0.608970
    [GNN][Artificial5][NV-NMPr] selected_k=16 refit_epochs=10
    [GNN][Artificial5][NV-NMPr] test_mae=0.824774 baseline=2.663717 n=452
    [Artificial5][NV-NMPr] fold 4/5: 42.5s
    [GNN][Artificial5][NV-NMPr] device=cpu
    [GNN][Artificial5][NV-NMPr] k=4: train=1582, validation=224
      epoch 1/100 loss=2.395993 validation_mae=1.064897
      epoch 5/100 loss=0.548411 validation_mae=0.778237
      epoch 10/100 loss=0.478182 validation_mae=0.759622
      epoch 15/100 loss=0.454538 validation_mae=0.760406
      epoch 20/100 loss=0.420347 validation_mae=0.859747
      epoch 25/100 loss=0.393675 validation_mae=0.838033
      early stopping at epoch 27; best_epoch=17
    [GNN][Artificial5][NV-NMPr] k=4: best_epoch=17 validation_mae=0.754655
    [GNN][Artificial5][NV-NMPr] k=8: train=1582, validation=224
      epoch 1/100 loss=2.137681 validation_mae=0.997292
      epoch 5/100 loss=0.503526 validation_mae=0.834897
      epoch 10/100 loss=0.444595 validation_mae=0.793828
      early stopping at epoch 13; best_epoch=3
    [GNN][Artificial5][NV-NMPr] k=8: best_epoch=3 validation_mae=0.742829
    [GNN][Artificial5][NV-NMPr] k=16: train=1582, validation=224
      epoch 1/100 loss=2.283235 validation_mae=1.077480
      epoch 5/100 loss=0.516015 validation_mae=0.942795
      epoch 10/100 loss=0.425712 validation_mae=0.803222
      epoch 15/100 loss=0.361909 validation_mae=0.791522
      early stopping at epoch 18; best_epoch=8
    [GNN][Artificial5][NV-NMPr] k=16: best_epoch=8 validation_mae=0.754744
    [GNN][Artificial5][NV-NMPr] selected_k=8 refit_epochs=3
    [GNN][Artificial5][NV-NMPr] test_mae=0.861121 baseline=2.614537 n=454
    [Artificial5][NV-NMPr] fold 5/5: 36.2s
  [NV-NMPr] 197.4s
    [GNN][Artificial5][OB-M] device=cpu
    [GNN][Artificial5][OB-M] k=4: train=1584, validation=224
      epoch 1/100 loss=0.338883 validation_f1_macro=0.808792
      epoch 5/100 loss=0.077851 validation_f1_macro=0.862594
      epoch 10/100 loss=0.025413 validation_f1_macro=1.000000
      epoch 15/100 loss=0.004847 validation_f1_macro=1.000000
      early stopping at epoch 19; best_epoch=9
    [GNN][Artificial5][OB-M] k=4: best_epoch=9 validation_f1_macro=1.000000
    [GNN][Artificial5][OB-M] k=8: train=1584, validation=224
      epoch 1/100 loss=0.428036 validation_f1_macro=0.862594
      epoch 5/100 loss=0.067425 validation_f1_macro=0.862594
      epoch 10/100 loss=0.037055 validation_f1_macro=0.862594
      early stopping at epoch 11; best_epoch=1
    [GNN][Artificial5][OB-M] k=8: best_epoch=1 validation_f1_macro=0.862594
    [GNN][Artificial5][OB-M] k=16: train=1584, validation=224
      epoch 1/100 loss=0.357593 validation_f1_macro=0.733333
      epoch 5/100 loss=0.107569 validation_f1_macro=0.808792
      epoch 10/100 loss=0.064020 validation_f1_macro=0.862594
      early stopping at epoch 14; best_epoch=4
    [GNN][Artificial5][OB-M] k=16: best_epoch=4 validation_f1_macro=0.862594
    [GNN][Artificial5][OB-M] selected_k=4 refit_epochs=9
    [GNN][Artificial5][OB-M] test_f1_macro=0.847194 baseline=0.493274 n=452
    [Artificial5][OB-M] fold 1/5: 32.2s
    [GNN][Artificial5][OB-M] device=cpu
    [GNN][Artificial5][OB-M] k=4: train=1580, validation=226
      epoch 1/100 loss=0.384682 validation_f1_macro=0.525577
      epoch 5/100 loss=0.077520 validation_f1_macro=0.580705
      epoch 10/100 loss=0.052805 validation_f1_macro=0.580705
      epoch 15/100 loss=0.018107 validation_f1_macro=1.000000
      epoch 20/100 loss=0.001802 validation_f1_macro=1.000000
      early stopping at epoch 21; best_epoch=11
    [GNN][Artificial5][OB-M] k=4: best_epoch=11 validation_f1_macro=1.000000
    [GNN][Artificial5][OB-M] k=8: train=1580, validation=226
      epoch 1/100 loss=0.393944 validation_f1_macro=0.571970
      epoch 5/100 loss=0.103207 validation_f1_macro=0.571970
      epoch 10/100 loss=0.034006 validation_f1_macro=0.580705
      epoch 15/100 loss=0.003254 validation_f1_macro=1.000000
      epoch 20/100 loss=0.001545 validation_f1_macro=1.000000
      early stopping at epoch 21; best_epoch=11
    [GNN][Artificial5][OB-M] k=8: best_epoch=11 validation_f1_macro=1.000000
    [GNN][Artificial5][OB-M] k=16: train=1580, validation=226
      epoch 1/100 loss=0.340607 validation_f1_macro=0.571970
      epoch 5/100 loss=0.074127 validation_f1_macro=0.580705
      epoch 10/100 loss=0.073508 validation_f1_macro=0.580705
      epoch 15/100 loss=0.024686 validation_f1_macro=1.000000
      epoch 20/100 loss=0.001739 validation_f1_macro=1.000000
      early stopping at epoch 22; best_epoch=12
    [GNN][Artificial5][OB-M] k=16: best_epoch=12 validation_f1_macro=1.000000
    [GNN][Artificial5][OB-M] selected_k=4 refit_epochs=11
    [GNN][Artificial5][OB-M] test_f1_macro=0.858494 baseline=0.493304 n=454
    [Artificial5][OB-M] fold 2/5: 44.8s
    [GNN][Artificial5][OB-M] device=cpu
    [GNN][Artificial5][OB-M] k=4: train=1586, validation=226
      epoch 1/100 loss=0.382393 validation_f1_macro=0.710701
      epoch 5/100 loss=0.080238 validation_f1_macro=0.778865
      epoch 10/100 loss=0.060761 validation_f1_macro=0.778865
      epoch 15/100 loss=0.036439 validation_f1_macro=0.778865
      early stopping at epoch 15; best_epoch=5
    [GNN][Artificial5][OB-M] k=4: best_epoch=5 validation_f1_macro=0.778865
    [GNN][Artificial5][OB-M] k=8: train=1586, validation=226
      epoch 1/100 loss=0.401497 validation_f1_macro=0.710701
      epoch 5/100 loss=0.061963 validation_f1_macro=0.778865
      epoch 10/100 loss=0.044835 validation_f1_macro=0.778865
      epoch 15/100 loss=0.012682 validation_f1_macro=1.000000
      epoch 20/100 loss=0.003451 validation_f1_macro=1.000000
      early stopping at epoch 22; best_epoch=12
    [GNN][Artificial5][OB-M] k=8: best_epoch=12 validation_f1_macro=1.000000
    [GNN][Artificial5][OB-M] k=16: train=1586, validation=226
      epoch 1/100 loss=0.395898 validation_f1_macro=0.710701
      epoch 5/100 loss=0.087686 validation_f1_macro=0.778865
      epoch 10/100 loss=0.057426 validation_f1_macro=0.778865
      early stopping at epoch 12; best_epoch=2
    [GNN][Artificial5][OB-M] k=16: best_epoch=2 validation_f1_macro=0.778865
    [GNN][Artificial5][OB-M] selected_k=8 refit_epochs=12
    [GNN][Artificial5][OB-M] test_f1_macro=0.782808 baseline=0.494927 n=448
    [Artificial5][OB-M] fold 3/5: 36.9s
    [GNN][Artificial5][OB-M] device=cpu
    [GNN][Artificial5][OB-M] k=4: train=1586, validation=222
      epoch 1/100 loss=0.377747 validation_f1_macro=0.610245
      epoch 5/100 loss=0.090869 validation_f1_macro=0.675818
      epoch 10/100 loss=0.039237 validation_f1_macro=0.722649
      epoch 15/100 loss=0.006447 validation_f1_macro=1.000000
      epoch 20/100 loss=0.001636 validation_f1_macro=1.000000
      early stopping at epoch 22; best_epoch=12
    [GNN][Artificial5][OB-M] k=4: best_epoch=12 validation_f1_macro=1.000000
    [GNN][Artificial5][OB-M] k=8: train=1586, validation=222
      epoch 1/100 loss=0.404948 validation_f1_macro=0.675818
      epoch 5/100 loss=0.080195 validation_f1_macro=0.722649
      epoch 10/100 loss=0.092273 validation_f1_macro=0.722649
      epoch 15/100 loss=0.027844 validation_f1_macro=0.722649
      early stopping at epoch 18; best_epoch=8
    [GNN][Artificial5][OB-M] k=8: best_epoch=8 validation_f1_macro=1.000000
    [GNN][Artificial5][OB-M] k=16: train=1586, validation=222
      epoch 1/100 loss=0.399421 validation_f1_macro=0.722649
      epoch 5/100 loss=0.077382 validation_f1_macro=0.722649
      epoch 10/100 loss=0.061612 validation_f1_macro=0.722649
      early stopping at epoch 11; best_epoch=1
    [GNN][Artificial5][OB-M] k=16: best_epoch=1 validation_f1_macro=0.722649
    [GNN][Artificial5][OB-M] selected_k=4 refit_epochs=12
    [GNN][Artificial5][OB-M] test_f1_macro=1.000000 baseline=0.494407 n=452
    [Artificial5][OB-M] fold 4/5: 37.6s
    [GNN][Artificial5][OB-M] device=cpu
    [GNN][Artificial5][OB-M] k=4: train=1582, validation=224
      epoch 1/100 loss=0.367145 validation_f1_macro=0.766998
      epoch 5/100 loss=0.077956 validation_f1_macro=0.884238
      epoch 10/100 loss=0.079553 validation_f1_macro=0.847141
      early stopping at epoch 13; best_epoch=3
    [GNN][Artificial5][OB-M] k=4: best_epoch=3 validation_f1_macro=0.884238
    [GNN][Artificial5][OB-M] k=8: train=1582, validation=224
      epoch 1/100 loss=0.376910 validation_f1_macro=0.793760
      epoch 5/100 loss=0.084468 validation_f1_macro=0.793760
      epoch 10/100 loss=0.050794 validation_f1_macro=0.884238
      epoch 15/100 loss=0.006402 validation_f1_macro=1.000000
      epoch 20/100 loss=0.001284 validation_f1_macro=1.000000
      early stopping at epoch 22; best_epoch=12
    [GNN][Artificial5][OB-M] k=8: best_epoch=12 validation_f1_macro=1.000000
    [GNN][Artificial5][OB-M] k=16: train=1582, validation=224
      epoch 1/100 loss=0.404516 validation_f1_macro=0.733333
      epoch 5/100 loss=0.082168 validation_f1_macro=0.884238
      epoch 10/100 loss=0.057484 validation_f1_macro=0.884238
      epoch 15/100 loss=0.015326 validation_f1_macro=1.000000
      epoch 20/100 loss=0.003063 validation_f1_macro=1.000000
      early stopping at epoch 23; best_epoch=13
    [GNN][Artificial5][OB-M] k=16: best_epoch=13 validation_f1_macro=1.000000
    [GNN][Artificial5][OB-M] selected_k=8 refit_epochs=12
    [GNN][Artificial5][OB-M] test_f1_macro=0.805651 baseline=0.494432 n=454
    [Artificial5][OB-M] fold 5/5: 42.3s
  [OB-M] 193.9s
  [time] Artificial5 total: 1720.2s

===== RQ3 LOG: Real4 =====
Applying feature extraction to process executions
  0%|          | 0/100 [00:00<?, ?it/s]  1%|1         | 1/100 [00:00<00:16,  6.09it/s]100%|##########| 100/100 [00:00<00:00, 609.01it/s]
    [GNN][Real4][NE-NPaA] device=cpu
    [GNN][Real4][NE-NPaA] k=4: train=1190, validation=170
      epoch 1/100 loss=0.849378 validation_f1_macro=0.853048
      epoch 5/100 loss=0.208104 validation_f1_macro=0.912574
      epoch 10/100 loss=0.194223 validation_f1_macro=0.891111
      epoch 15/100 loss=0.171715 validation_f1_macro=0.915702
      epoch 20/100 loss=0.170566 validation_f1_macro=0.913804
      epoch 25/100 loss=0.163798 validation_f1_macro=0.891681
      early stopping at epoch 25; best_epoch=15
    [GNN][Real4][NE-NPaA] k=4: best_epoch=15 validation_f1_macro=0.915702
    [GNN][Real4][NE-NPaA] k=8: train=1190, validation=170
      epoch 1/100 loss=0.961438 validation_f1_macro=0.864410
      epoch 5/100 loss=0.225229 validation_f1_macro=0.877402
      epoch 10/100 loss=0.205782 validation_f1_macro=0.885331
      epoch 15/100 loss=0.188546 validation_f1_macro=0.885331
      epoch 20/100 loss=0.172875 validation_f1_macro=0.904675
      early stopping at epoch 24; best_epoch=14
    [GNN][Real4][NE-NPaA] k=8: best_epoch=14 validation_f1_macro=0.924607
    [GNN][Real4][NE-NPaA] k=16: train=1190, validation=170
      epoch 1/100 loss=0.896592 validation_f1_macro=0.709691
      epoch 5/100 loss=0.226401 validation_f1_macro=0.878971
      epoch 10/100 loss=0.200147 validation_f1_macro=0.873881
      epoch 15/100 loss=0.172328 validation_f1_macro=0.894724
      epoch 20/100 loss=0.161797 validation_f1_macro=0.905133
      early stopping at epoch 23; best_epoch=13
    [GNN][Real4][NE-NPaA] k=16: best_epoch=13 validation_f1_macro=0.929624
    [GNN][Real4][NE-NPaA] selected_k=16 refit_epochs=13
    [GNN][Real4][NE-NPaA] test_f1_macro=0.900613 baseline=0.230769 n=340
    [Real4][NE-NPaA] fold 1/5: 37.8s
    [GNN][Real4][NE-NPaA] device=cpu
    [GNN][Real4][NE-NPaA] k=4: train=1190, validation=170
      epoch 1/100 loss=0.847545 validation_f1_macro=0.830127
      epoch 5/100 loss=0.184744 validation_f1_macro=0.895271
      epoch 10/100 loss=0.161567 validation_f1_macro=0.899907
      epoch 15/100 loss=0.154912 validation_f1_macro=0.897476
      epoch 20/100 loss=0.146910 validation_f1_macro=0.900697
      epoch 25/100 loss=0.138774 validation_f1_macro=0.918481
      early stopping at epoch 28; best_epoch=18
    [GNN][Real4][NE-NPaA] k=4: best_epoch=18 validation_f1_macro=0.933795
    [GNN][Real4][NE-NPaA] k=8: train=1190, validation=170
      epoch 1/100 loss=0.930292 validation_f1_macro=0.798305
      epoch 5/100 loss=0.197518 validation_f1_macro=0.887409
      epoch 10/100 loss=0.177026 validation_f1_macro=0.899907
      epoch 15/100 loss=0.160576 validation_f1_macro=0.909947
      early stopping at epoch 16; best_epoch=6
    [GNN][Real4][NE-NPaA] k=8: best_epoch=6 validation_f1_macro=0.911092
    [GNN][Real4][NE-NPaA] k=16: train=1190, validation=170
      epoch 1/100 loss=0.907789 validation_f1_macro=0.881919
      epoch 5/100 loss=0.206601 validation_f1_macro=0.915977
      epoch 10/100 loss=0.180283 validation_f1_macro=0.915977
      epoch 15/100 loss=0.160216 validation_f1_macro=0.915046
      early stopping at epoch 15; best_epoch=5
    [GNN][Real4][NE-NPaA] k=16: best_epoch=5 validation_f1_macro=0.915977
    [GNN][Real4][NE-NPaA] selected_k=4 refit_epochs=18
    [GNN][Real4][NE-NPaA] test_f1_macro=0.875356 baseline=0.230769 n=340
    [Real4][NE-NPaA] fold 2/5: 34.3s
    [GNN][Real4][NE-NPaA] device=cpu
    [GNN][Real4][NE-NPaA] k=4: train=1190, validation=170
      epoch 1/100 loss=0.849867 validation_f1_macro=0.884494
      epoch 5/100 loss=0.183656 validation_f1_macro=0.898261
      epoch 10/100 loss=0.182992 validation_f1_macro=0.888921
      epoch 15/100 loss=0.157965 validation_f1_macro=0.905039
      epoch 20/100 loss=0.154518 validation_f1_macro=0.903384
      early stopping at epoch 23; best_epoch=13
    [GNN][Real4][NE-NPaA] k=4: best_epoch=13 validation_f1_macro=0.921357
    [GNN][Real4][NE-NPaA] k=8: train=1190, validation=170
      epoch 1/100 loss=0.912801 validation_f1_macro=0.738252
      epoch 5/100 loss=0.224175 validation_f1_macro=0.896972
      epoch 10/100 loss=0.174470 validation_f1_macro=0.896972
      epoch 15/100 loss=0.163005 validation_f1_macro=0.895514
      early stopping at epoch 16; best_epoch=6
    [GNN][Real4][NE-NPaA] k=8: best_epoch=6 validation_f1_macro=0.903216
    [GNN][Real4][NE-NPaA] k=16: train=1190, validation=170
      epoch 1/100 loss=0.919411 validation_f1_macro=0.807921
      epoch 5/100 loss=0.213560 validation_f1_macro=0.889056
      epoch 10/100 loss=0.179230 validation_f1_macro=0.883510
      epoch 15/100 loss=0.173316 validation_f1_macro=0.907245
      early stopping at epoch 19; best_epoch=9
    [GNN][Real4][NE-NPaA] k=16: best_epoch=9 validation_f1_macro=0.922012
    [GNN][Real4][NE-NPaA] selected_k=16 refit_epochs=9
    [GNN][Real4][NE-NPaA] test_f1_macro=0.862768 baseline=0.230769 n=340
    [Real4][NE-NPaA] fold 3/5: 30.3s
    [GNN][Real4][NE-NPaA] device=cpu
    [GNN][Real4][NE-NPaA] k=4: train=1190, validation=170
      epoch 1/100 loss=0.839889 validation_f1_macro=0.866425
      epoch 5/100 loss=0.196156 validation_f1_macro=0.890874
      epoch 10/100 loss=0.179536 validation_f1_macro=0.883241
      epoch 15/100 loss=0.157096 validation_f1_macro=0.890523
      epoch 20/100 loss=0.155231 validation_f1_macro=0.906306
      epoch 25/100 loss=0.144276 validation_f1_macro=0.900993
      epoch 30/100 loss=0.135545 validation_f1_macro=0.902195
      early stopping at epoch 34; best_epoch=24
    [GNN][Real4][NE-NPaA] k=4: best_epoch=24 validation_f1_macro=0.907212
    [GNN][Real4][NE-NPaA] k=8: train=1190, validation=170
      epoch 1/100 loss=0.938512 validation_f1_macro=0.851144
      epoch 5/100 loss=0.214598 validation_f1_macro=0.875450
      epoch 10/100 loss=0.182283 validation_f1_macro=0.885521
      epoch 15/100 loss=0.166917 validation_f1_macro=0.883352
      epoch 20/100 loss=0.158737 validation_f1_macro=0.890523
      epoch 25/100 loss=0.156560 validation_f1_macro=0.866209
      epoch 30/100 loss=0.145766 validation_f1_macro=0.889513
      epoch 35/100 loss=0.133407 validation_f1_macro=0.902195
      epoch 40/100 loss=0.127661 validation_f1_macro=0.900293
      early stopping at epoch 44; best_epoch=34
    [GNN][Real4][NE-NPaA] k=8: best_epoch=34 validation_f1_macro=0.917999
    [GNN][Real4][NE-NPaA] k=16: train=1190, validation=170
      epoch 1/100 loss=0.885893 validation_f1_macro=0.804233
      epoch 5/100 loss=0.212732 validation_f1_macro=0.865989
      epoch 10/100 loss=0.189946 validation_f1_macro=0.888628
      epoch 15/100 loss=0.177552 validation_f1_macro=0.912914
      epoch 20/100 loss=0.158522 validation_f1_macro=0.883300
      epoch 25/100 loss=0.145525 validation_f1_macro=0.921065
      epoch 30/100 loss=0.151699 validation_f1_macro=0.907456
      epoch 35/100 loss=0.133157 validation_f1_macro=0.894830
      early stopping at epoch 35; best_epoch=25
    [GNN][Real4][NE-NPaA] k=16: best_epoch=25 validation_f1_macro=0.921065
    [GNN][Real4][NE-NPaA] selected_k=16 refit_epochs=25
    [GNN][Real4][NE-NPaA] test_f1_macro=0.908969 baseline=0.230769 n=340
    [Real4][NE-NPaA] fold 4/5: 59.6s
    [GNN][Real4][NE-NPaA] device=cpu
    [GNN][Real4][NE-NPaA] k=4: train=1190, validation=170
      epoch 1/100 loss=0.844856 validation_f1_macro=0.816016
      epoch 5/100 loss=0.204704 validation_f1_macro=0.857232
      epoch 10/100 loss=0.174154 validation_f1_macro=0.865427
      epoch 15/100 loss=0.158367 validation_f1_macro=0.867229
      early stopping at epoch 17; best_epoch=7
    [GNN][Real4][NE-NPaA] k=4: best_epoch=7 validation_f1_macro=0.883578
    [GNN][Real4][NE-NPaA] k=8: train=1190, validation=170
      epoch 1/100 loss=0.899387 validation_f1_macro=0.721608
      epoch 5/100 loss=0.221942 validation_f1_macro=0.870784
      epoch 10/100 loss=0.194238 validation_f1_macro=0.847604
      epoch 15/100 loss=0.182592 validation_f1_macro=0.859621
      epoch 20/100 loss=0.158137 validation_f1_macro=0.852218
      early stopping at epoch 22; best_epoch=12
    [GNN][Real4][NE-NPaA] k=8: best_epoch=12 validation_f1_macro=0.888675
    [GNN][Real4][NE-NPaA] k=16: train=1190, validation=170
      epoch 1/100 loss=0.921400 validation_f1_macro=0.776899
      epoch 5/100 loss=0.217445 validation_f1_macro=0.869743
      epoch 10/100 loss=0.186438 validation_f1_macro=0.847604
      epoch 15/100 loss=0.173018 validation_f1_macro=0.863775
      early stopping at epoch 17; best_epoch=7
    [GNN][Real4][NE-NPaA] k=16: best_epoch=7 validation_f1_macro=0.873784
    [GNN][Real4][NE-NPaA] selected_k=8 refit_epochs=12
    [GNN][Real4][NE-NPaA] test_f1_macro=0.872379 baseline=0.230769 n=340
    [Real4][NE-NPaA] fold 5/5: 30.7s
  [NE-NPaA] 192.7s
    [GNN][Real4][NE-NMPr] device=cpu
    [GNN][Real4][NE-NMPr] k=4: train=1120, validation=160
      epoch 1/100 loss=1.792579 validation_f1_macro=0.730403
      epoch 5/100 loss=0.214403 validation_f1_macro=0.951360
      epoch 10/100 loss=0.137608 validation_f1_macro=0.955820
      epoch 15/100 loss=0.092926 validation_f1_macro=0.963891
      epoch 20/100 loss=0.069066 validation_f1_macro=0.959783
      early stopping at epoch 22; best_epoch=12
    [GNN][Real4][NE-NMPr] k=4: best_epoch=12 validation_f1_macro=0.965457
    [GNN][Real4][NE-NMPr] k=8: train=1120, validation=160
      epoch 1/100 loss=1.881211 validation_f1_macro=0.579062
      epoch 5/100 loss=0.214731 validation_f1_macro=0.931092
      epoch 10/100 loss=0.127439 validation_f1_macro=0.940710
      epoch 15/100 loss=0.079664 validation_f1_macro=0.945185
      epoch 20/100 loss=0.065070 validation_f1_macro=0.965457
      epoch 25/100 loss=0.041825 validation_f1_macro=0.959659
      early stopping at epoch 26; best_epoch=16
    [GNN][Real4][NE-NMPr] k=8: best_epoch=16 validation_f1_macro=0.965457
    [GNN][Real4][NE-NMPr] k=16: train=1120, validation=160
      epoch 1/100 loss=1.813297 validation_f1_macro=0.687548
      epoch 5/100 loss=0.208829 validation_f1_macro=0.932504
      epoch 10/100 loss=0.122111 validation_f1_macro=0.961329
      epoch 15/100 loss=0.090365 validation_f1_macro=0.963891
      epoch 20/100 loss=0.057528 validation_f1_macro=0.963891
      early stopping at epoch 22; best_epoch=12
    [GNN][Real4][NE-NMPr] k=16: best_epoch=12 validation_f1_macro=0.968304
    [GNN][Real4][NE-NMPr] selected_k=16 refit_epochs=12
    [GNN][Real4][NE-NMPr] test_f1_macro=0.934294 baseline=0.064385 n=320
    [Real4][NE-NMPr] fold 1/5: 33.3s
    [GNN][Real4][NE-NMPr] device=cpu
    [GNN][Real4][NE-NMPr] k=4: train=1120, validation=160
      epoch 1/100 loss=1.800665 validation_f1_macro=0.714589
      epoch 5/100 loss=0.227292 validation_f1_macro=0.878876
      epoch 10/100 loss=0.147291 validation_f1_macro=0.929427
      epoch 15/100 loss=0.101798 validation_f1_macro=0.943669
      epoch 20/100 loss=0.098233 validation_f1_macro=0.946020
      epoch 25/100 loss=0.075868 validation_f1_macro=0.955009
      epoch 30/100 loss=0.048199 validation_f1_macro=0.974450
      epoch 35/100 loss=0.040198 validation_f1_macro=0.976003
      early stopping at epoch 39; best_epoch=29
    [GNN][Real4][NE-NMPr] k=4: best_epoch=29 validation_f1_macro=0.982091
    [GNN][Real4][NE-NMPr] k=8: train=1120, validation=160
      epoch 1/100 loss=1.787138 validation_f1_macro=0.561482
      epoch 5/100 loss=0.213734 validation_f1_macro=0.912016
      epoch 10/100 loss=0.106882 validation_f1_macro=0.964924
      epoch 15/100 loss=0.076233 validation_f1_macro=0.971221
      epoch 20/100 loss=0.059686 validation_f1_macro=0.976305
      epoch 25/100 loss=0.052567 validation_f1_macro=0.966396
      epoch 30/100 loss=0.036072 validation_f1_macro=0.971221
      epoch 35/100 loss=0.035527 validation_f1_macro=0.971221
      epoch 40/100 loss=0.025827 validation_f1_macro=0.987390
      early stopping at epoch 42; best_epoch=32
    [GNN][Real4][NE-NMPr] k=8: best_epoch=32 validation_f1_macro=0.993478
    [GNN][Real4][NE-NMPr] k=16: train=1120, validation=160
      epoch 1/100 loss=1.802701 validation_f1_macro=0.559635
      epoch 5/100 loss=0.196794 validation_f1_macro=0.886089
      epoch 10/100 loss=0.125880 validation_f1_macro=0.925037
      epoch 15/100 loss=0.096022 validation_f1_macro=0.943669
      epoch 20/100 loss=0.070601 validation_f1_macro=0.948494
      epoch 25/100 loss=0.063124 validation_f1_macro=0.959834
      epoch 30/100 loss=0.056371 validation_f1_macro=0.970751
      epoch 35/100 loss=0.031409 validation_f1_macro=0.988613
      epoch 40/100 loss=0.035094 validation_f1_macro=0.988613
      epoch 45/100 loss=0.017915 validation_f1_macro=0.988613
      early stopping at epoch 46; best_epoch=36
    [GNN][Real4][NE-NMPr] k=16: best_epoch=36 validation_f1_macro=1.000000
    [GNN][Real4][NE-NMPr] selected_k=16 refit_epochs=36
    [GNN][Real4][NE-NMPr] test_f1_macro=0.970779 baseline=0.063953 n=320
    [Real4][NE-NMPr] fold 2/5: 64.8s
    [GNN][Real4][NE-NMPr] device=cpu
    [GNN][Real4][NE-NMPr] k=4: train=1120, validation=160
      epoch 1/100 loss=1.791473 validation_f1_macro=0.720605
      epoch 5/100 loss=0.228034 validation_f1_macro=0.913558
      epoch 10/100 loss=0.142953 validation_f1_macro=0.925721
      epoch 15/100 loss=0.100720 validation_f1_macro=0.925437
      epoch 20/100 loss=0.075297 validation_f1_macro=0.925437
      epoch 25/100 loss=0.056006 validation_f1_macro=0.940498
      epoch 30/100 loss=0.042662 validation_f1_macro=0.967391
      epoch 35/100 loss=0.030996 validation_f1_macro=0.978220
      early stopping at epoch 38; best_epoch=28
    [GNN][Real4][NE-NMPr] k=4: best_epoch=28 validation_f1_macro=0.989048
    [GNN][Real4][NE-NMPr] k=8: train=1120, validation=160
      epoch 1/100 loss=1.805747 validation_f1_macro=0.581644
      epoch 5/100 loss=0.199216 validation_f1_macro=0.876055
      epoch 10/100 loss=0.108860 validation_f1_macro=0.944320
      epoch 15/100 loss=0.072442 validation_f1_macro=0.944320
      epoch 20/100 loss=0.054127 validation_f1_macro=0.966858
      epoch 25/100 loss=0.044847 validation_f1_macro=0.966858
      epoch 30/100 loss=0.041216 validation_f1_macro=0.987534
      epoch 35/100 loss=0.035725 validation_f1_macro=0.949973
      epoch 40/100 loss=0.028724 validation_f1_macro=0.966858
      early stopping at epoch 40; best_epoch=30
    [GNN][Real4][NE-NMPr] k=8: best_epoch=30 validation_f1_macro=0.987534
    [GNN][Real4][NE-NMPr] k=16: train=1120, validation=160
      epoch 1/100 loss=1.786733 validation_f1_macro=0.639089
      epoch 5/100 loss=0.237565 validation_f1_macro=0.884531
      epoch 10/100 loss=0.134115 validation_f1_macro=0.950368
      epoch 15/100 loss=0.095607 validation_f1_macro=0.939020
      epoch 20/100 loss=0.080131 validation_f1_macro=0.955906
      epoch 25/100 loss=0.061786 validation_f1_macro=0.943994
      epoch 30/100 loss=0.042764 validation_f1_macro=0.993549
      epoch 35/100 loss=0.027547 validation_f1_macro=0.989048
      early stopping at epoch 38; best_epoch=28
    [GNN][Real4][NE-NMPr] k=16: best_epoch=28 validation_f1_macro=0.993549
    [GNN][Real4][NE-NMPr] selected_k=16 refit_epochs=28
    [GNN][Real4][NE-NMPr] test_f1_macro=0.989243 baseline=0.066934 n=320
    [Real4][NE-NMPr] fold 3/5: 57.9s
    [GNN][Real4][NE-NMPr] device=cpu
    [GNN][Real4][NE-NMPr] k=4: train=1120, validation=160
      epoch 1/100 loss=1.781332 validation_f1_macro=0.611809
      epoch 5/100 loss=0.233994 validation_f1_macro=0.898150
      epoch 10/100 loss=0.143668 validation_f1_macro=0.964417
      epoch 15/100 loss=0.118907 validation_f1_macro=0.981481
      epoch 20/100 loss=0.080831 validation_f1_macro=0.972751
      epoch 25/100 loss=0.065057 validation_f1_macro=0.995086
      epoch 30/100 loss=0.055380 validation_f1_macro=0.974366
      epoch 35/100 loss=0.029675 validation_f1_macro=1.000000
      epoch 40/100 loss=0.025590 validation_f1_macro=0.991270
      early stopping at epoch 42; best_epoch=32
    [GNN][Real4][NE-NMPr] k=4: best_epoch=32 validation_f1_macro=1.000000
    [GNN][Real4][NE-NMPr] k=8: train=1120, validation=160
      epoch 1/100 loss=1.760688 validation_f1_macro=0.528499
      epoch 5/100 loss=0.176435 validation_f1_macro=0.926627
      epoch 10/100 loss=0.098904 validation_f1_macro=0.975701
      epoch 15/100 loss=0.061776 validation_f1_macro=0.981481
      epoch 20/100 loss=0.053421 validation_f1_macro=0.981481
      epoch 25/100 loss=0.053067 validation_f1_macro=0.969231
      early stopping at epoch 25; best_epoch=15
    [GNN][Real4][NE-NMPr] k=8: best_epoch=15 validation_f1_macro=0.981481
    [GNN][Real4][NE-NMPr] k=16: train=1120, validation=160
      epoch 1/100 loss=1.834388 validation_f1_macro=0.708189
      epoch 5/100 loss=0.240801 validation_f1_macro=0.911843
      epoch 10/100 loss=0.154205 validation_f1_macro=0.936101
      epoch 15/100 loss=0.107676 validation_f1_macro=0.895683
      epoch 20/100 loss=0.096875 validation_f1_macro=0.981481
      epoch 25/100 loss=0.060733 validation_f1_macro=0.990374
      epoch 30/100 loss=0.053722 validation_f1_macro=0.981481
      epoch 35/100 loss=0.031379 validation_f1_macro=0.982555
      epoch 40/100 loss=0.025058 validation_f1_macro=0.995086
      early stopping at epoch 43; best_epoch=33
    [GNN][Real4][NE-NMPr] k=16: best_epoch=33 validation_f1_macro=0.995086
    [GNN][Real4][NE-NMPr] selected_k=4 refit_epochs=32
    [GNN][Real4][NE-NMPr] test_f1_macro=0.985700 baseline=0.066514 n=320
    [Real4][NE-NMPr] fold 4/5: 57.7s
    [GNN][Real4][NE-NMPr] device=cpu
    [GNN][Real4][NE-NMPr] k=4: train=1120, validation=160
      epoch 1/100 loss=1.785961 validation_f1_macro=0.649622
      epoch 5/100 loss=0.220695 validation_f1_macro=0.914828
      epoch 10/100 loss=0.147404 validation_f1_macro=0.953052
      epoch 15/100 loss=0.100192 validation_f1_macro=0.971362
      epoch 20/100 loss=0.071989 validation_f1_macro=0.967257
      epoch 25/100 loss=0.055916 validation_f1_macro=0.971362
      epoch 30/100 loss=0.042119 validation_f1_macro=0.980065
      epoch 35/100 loss=0.034370 validation_f1_macro=1.000000
      epoch 40/100 loss=0.021060 validation_f1_macro=1.000000
      epoch 45/100 loss=0.030866 validation_f1_macro=1.000000
      early stopping at epoch 45; best_epoch=35
    [GNN][Real4][NE-NMPr] k=4: best_epoch=35 validation_f1_macro=1.000000
    [GNN][Real4][NE-NMPr] k=8: train=1120, validation=160
      epoch 1/100 loss=1.825140 validation_f1_macro=0.558602
      epoch 5/100 loss=0.219761 validation_f1_macro=0.898923
      epoch 10/100 loss=0.118699 validation_f1_macro=0.898670
      epoch 15/100 loss=0.081602 validation_f1_macro=0.964242
      epoch 20/100 loss=0.062520 validation_f1_macro=0.970097
      epoch 25/100 loss=0.054544 validation_f1_macro=0.970097
      early stopping at epoch 26; best_epoch=16
    [GNN][Real4][NE-NMPr] k=8: best_epoch=16 validation_f1_macro=0.970097
    [GNN][Real4][NE-NMPr] k=16: train=1120, validation=160
      epoch 1/100 loss=1.860009 validation_f1_macro=0.600424
      epoch 5/100 loss=0.228117 validation_f1_macro=0.911950
      epoch 10/100 loss=0.142872 validation_f1_macro=0.903026
      epoch 15/100 loss=0.098674 validation_f1_macro=0.970097
      epoch 20/100 loss=0.066799 validation_f1_macro=0.937126
      epoch 25/100 loss=0.051929 validation_f1_macro=0.941532
      epoch 30/100 loss=0.030568 validation_f1_macro=0.980065
      epoch 35/100 loss=0.025212 validation_f1_macro=1.000000
      epoch 40/100 loss=0.029601 validation_f1_macro=0.994639
      epoch 45/100 loss=0.016697 validation_f1_macro=0.969085
      early stopping at epoch 45; best_epoch=35
    [GNN][Real4][NE-NMPr] k=16: best_epoch=35 validation_f1_macro=1.000000
    [GNN][Real4][NE-NMPr] selected_k=4 refit_epochs=35
    [GNN][Real4][NE-NMPr] test_f1_macro=0.980889 baseline=0.066934 n=320
    [Real4][NE-NMPr] fold 5/5: 60.4s
  [NE-NMPr] 274.1s
    [GNN][Real4][NV-PrT] device=cpu
    [GNN][Real4][NV-PrT] k=4: train=1190, validation=170
      epoch 1/100 loss=33.700808 validation_mae=24.368208
      epoch 5/100 loss=6.763191 validation_mae=8.252588
      epoch 10/100 loss=6.156409 validation_mae=7.865452
      epoch 15/100 loss=6.222179 validation_mae=7.464259
      epoch 20/100 loss=5.867093 validation_mae=8.210515
      epoch 25/100 loss=6.141935 validation_mae=7.151758
      epoch 30/100 loss=6.022645 validation_mae=7.717467
      epoch 35/100 loss=6.132974 validation_mae=7.302984
      early stopping at epoch 39; best_epoch=29
    [GNN][Real4][NV-PrT] k=4: best_epoch=29 validation_mae=6.983322
    [GNN][Real4][NV-PrT] k=8: train=1190, validation=170
      epoch 1/100 loss=34.703547 validation_mae=28.083679
      epoch 5/100 loss=6.464037 validation_mae=8.407205
      epoch 10/100 loss=6.158362 validation_mae=7.289465
      epoch 15/100 loss=6.162163 validation_mae=7.955743
      epoch 20/100 loss=6.182375 validation_mae=7.758358
      early stopping at epoch 20; best_epoch=10
    [GNN][Real4][NV-PrT] k=8: best_epoch=10 validation_mae=7.289465
    [GNN][Real4][NV-PrT] k=16: train=1190, validation=170
      epoch 1/100 loss=33.937357 validation_mae=25.530939
      epoch 5/100 loss=6.312726 validation_mae=7.649827
      epoch 10/100 loss=6.322643 validation_mae=7.589433
      epoch 15/100 loss=6.061632 validation_mae=7.589884
      epoch 20/100 loss=6.224802 validation_mae=7.126449
      epoch 25/100 loss=6.129803 validation_mae=8.130672
      early stopping at epoch 26; best_epoch=16
    [GNN][Real4][NV-PrT] k=16: best_epoch=16 validation_mae=6.966438
    [GNN][Real4][NV-PrT] selected_k=16 refit_epochs=16
    [GNN][Real4][NV-PrT] test_mae=6.844765 baseline=19.141750 n=340
    [Real4][NV-PrT] fold 1/5: 44.2s
    [GNN][Real4][NV-PrT] device=cpu
    [GNN][Real4][NV-PrT] k=4: train=1190, validation=170
      epoch 1/100 loss=33.998034 validation_mae=25.611225
      epoch 5/100 loss=7.154204 validation_mae=6.094382
      epoch 10/100 loss=6.745482 validation_mae=5.767775
      epoch 15/100 loss=6.839616 validation_mae=5.818731
      epoch 20/100 loss=6.489930 validation_mae=5.651196
      epoch 25/100 loss=6.604711 validation_mae=5.646030
      epoch 30/100 loss=6.758585 validation_mae=5.548701
      epoch 35/100 loss=6.540217 validation_mae=5.608189
      epoch 40/100 loss=6.639634 validation_mae=5.885351
      early stopping at epoch 40; best_epoch=30
    [GNN][Real4][NV-PrT] k=4: best_epoch=30 validation_mae=5.548701
    [GNN][Real4][NV-PrT] k=8: train=1190, validation=170
      epoch 1/100 loss=34.755326 validation_mae=29.167891
      epoch 5/100 loss=7.576568 validation_mae=5.942623
      epoch 10/100 loss=6.962518 validation_mae=5.717769
      epoch 15/100 loss=6.720859 validation_mae=5.599526
      epoch 20/100 loss=6.746291 validation_mae=5.552755
      epoch 25/100 loss=6.769986 validation_mae=5.551549
      epoch 30/100 loss=6.530359 validation_mae=5.704334
      epoch 35/100 loss=6.516782 validation_mae=5.522749
      early stopping at epoch 38; best_epoch=28
    [GNN][Real4][NV-PrT] k=8: best_epoch=28 validation_mae=5.459481
    [GNN][Real4][NV-PrT] k=16: train=1190, validation=170
      epoch 1/100 loss=34.702430 validation_mae=28.314602
      epoch 5/100 loss=7.519993 validation_mae=6.089404
      epoch 10/100 loss=7.016462 validation_mae=5.570802
      epoch 15/100 loss=6.809790 validation_mae=5.567626
      epoch 20/100 loss=6.713344 validation_mae=5.729613
      early stopping at epoch 23; best_epoch=13
    [GNN][Real4][NV-PrT] k=16: best_epoch=13 validation_mae=5.518352
    [GNN][Real4][NV-PrT] selected_k=8 refit_epochs=28
    [GNN][Real4][NV-PrT] test_mae=6.472599 baseline=18.158771 n=340
    [Real4][NV-PrT] fold 2/5: 56.0s
    [GNN][Real4][NV-PrT] device=cpu
    [GNN][Real4][NV-PrT] k=4: train=1190, validation=170
      epoch 1/100 loss=32.866982 validation_mae=25.105251
      epoch 5/100 loss=6.746037 validation_mae=7.273206
      epoch 10/100 loss=6.409570 validation_mae=6.819434
      epoch 15/100 loss=6.362884 validation_mae=6.653625
      epoch 20/100 loss=6.325561 validation_mae=6.921432
      epoch 25/100 loss=6.212473 validation_mae=6.659983
      epoch 30/100 loss=6.091683 validation_mae=6.689872
      epoch 35/100 loss=6.261896 validation_mae=6.532647
      early stopping at epoch 37; best_epoch=27
    [GNN][Real4][NV-PrT] k=4: best_epoch=27 validation_mae=6.415669
    [GNN][Real4][NV-PrT] k=8: train=1190, validation=170
      epoch 1/100 loss=34.151617 validation_mae=30.404739
      epoch 5/100 loss=6.864256 validation_mae=7.484869
      epoch 10/100 loss=6.412493 validation_mae=6.694287
      epoch 15/100 loss=6.156067 validation_mae=6.465153
      epoch 20/100 loss=6.253721 validation_mae=6.608620
      epoch 25/100 loss=6.083497 validation_mae=6.588809
      epoch 30/100 loss=6.232872 validation_mae=6.558740
      early stopping at epoch 32; best_epoch=22
    [GNN][Real4][NV-PrT] k=8: best_epoch=22 validation_mae=6.437273
    [GNN][Real4][NV-PrT] k=16: train=1190, validation=170
      epoch 1/100 loss=34.564542 validation_mae=31.191898
      epoch 5/100 loss=6.987653 validation_mae=7.201568
      epoch 10/100 loss=6.700370 validation_mae=6.848590
      epoch 15/100 loss=6.424447 validation_mae=6.720625
      epoch 20/100 loss=6.586594 validation_mae=6.954126
      epoch 25/100 loss=6.443476 validation_mae=6.640536
      epoch 30/100 loss=6.521167 validation_mae=6.489255
      epoch 35/100 loss=6.355716 validation_mae=6.478866
      epoch 40/100 loss=6.397226 validation_mae=6.876059
      early stopping at epoch 41; best_epoch=31
    [GNN][Real4][NV-PrT] k=16: best_epoch=31 validation_mae=6.402392
    [GNN][Real4][NV-PrT] selected_k=16 refit_epochs=31
    [GNN][Real4][NV-PrT] test_mae=6.852042 baseline=20.677712 n=340
    [Real4][NV-PrT] fold 3/5: 61.1s
    [GNN][Real4][NV-PrT] device=cpu
    [GNN][Real4][NV-PrT] k=4: train=1190, validation=170
      epoch 1/100 loss=32.769778 validation_mae=25.221539
      epoch 5/100 loss=6.906791 validation_mae=6.245657
      epoch 10/100 loss=6.269694 validation_mae=6.009033
      epoch 15/100 loss=6.399973 validation_mae=6.616536
      epoch 20/100 loss=6.528638 validation_mae=6.156852
      early stopping at epoch 20; best_epoch=10
    [GNN][Real4][NV-PrT] k=4: best_epoch=10 validation_mae=6.009033
    [GNN][Real4][NV-PrT] k=8: train=1190, validation=170
      epoch 1/100 loss=33.911984 validation_mae=28.595694
      epoch 5/100 loss=6.913358 validation_mae=6.527711
      epoch 10/100 loss=6.376977 validation_mae=6.289397
      epoch 15/100 loss=6.520797 validation_mae=6.142581
      early stopping at epoch 16; best_epoch=6
    [GNN][Real4][NV-PrT] k=8: best_epoch=6 validation_mae=6.061108
    [GNN][Real4][NV-PrT] k=16: train=1190, validation=170
      epoch 1/100 loss=32.974739 validation_mae=26.350904
      epoch 5/100 loss=6.951666 validation_mae=6.559782
      epoch 10/100 loss=6.290851 validation_mae=6.192238
      epoch 15/100 loss=6.407657 validation_mae=6.133657
      epoch 20/100 loss=6.402698 validation_mae=6.289356
      epoch 25/100 loss=6.404655 validation_mae=6.446302
      early stopping at epoch 29; best_epoch=19
    [GNN][Real4][NV-PrT] k=16: best_epoch=19 validation_mae=5.925902
    [GNN][Real4][NV-PrT] selected_k=16 refit_epochs=19
    [GNN][Real4][NV-PrT] test_mae=6.926501 baseline=20.216435 n=340
    [Real4][NV-PrT] fold 4/5: 37.5s
    [GNN][Real4][NV-PrT] device=cpu
    [GNN][Real4][NV-PrT] k=4: train=1190, validation=170
      epoch 1/100 loss=34.064247 validation_mae=26.750956
      epoch 5/100 loss=6.793710 validation_mae=7.719870
      epoch 10/100 loss=6.088418 validation_mae=7.407360
      epoch 15/100 loss=6.245414 validation_mae=7.617839
      epoch 20/100 loss=6.104304 validation_mae=7.312954
      epoch 25/100 loss=6.104610 validation_mae=7.097480
      epoch 30/100 loss=6.212098 validation_mae=7.120629
      epoch 35/100 loss=6.063089 validation_mae=7.007089
      epoch 40/100 loss=5.962822 validation_mae=6.953836
      epoch 45/100 loss=5.790377 validation_mae=7.014047
      epoch 50/100 loss=5.705029 validation_mae=7.028933
      early stopping at epoch 50; best_epoch=40
    [GNN][Real4][NV-PrT] k=4: best_epoch=40 validation_mae=6.953836
    [GNN][Real4][NV-PrT] k=8: train=1190, validation=170
      epoch 1/100 loss=35.305280 validation_mae=30.557629
      epoch 5/100 loss=7.151419 validation_mae=8.341020
      epoch 10/100 loss=7.004497 validation_mae=7.663579
      epoch 15/100 loss=6.513823 validation_mae=7.582881
      epoch 20/100 loss=6.219302 validation_mae=7.375971
      epoch 25/100 loss=6.068760 validation_mae=7.131678
      epoch 30/100 loss=5.960028 validation_mae=7.182033
      epoch 35/100 loss=6.199389 validation_mae=7.147346
      early stopping at epoch 35; best_epoch=25
    [GNN][Real4][NV-PrT] k=8: best_epoch=25 validation_mae=7.131678
    [GNN][Real4][NV-PrT] k=16: train=1190, validation=170
      epoch 1/100 loss=34.259757 validation_mae=27.436207
      epoch 5/100 loss=6.946733 validation_mae=8.132715
      epoch 10/100 loss=6.269859 validation_mae=7.383588
      epoch 15/100 loss=6.084653 validation_mae=7.272470
      epoch 20/100 loss=5.989839 validation_mae=7.299423
      epoch 25/100 loss=5.724158 validation_mae=7.174805
      epoch 30/100 loss=5.917643 validation_mae=7.435040
      epoch 35/100 loss=5.877580 validation_mae=7.148957
      epoch 40/100 loss=5.910021 validation_mae=7.529616
      epoch 45/100 loss=5.995299 validation_mae=7.133254
      early stopping at epoch 49; best_epoch=39
    [GNN][Real4][NV-PrT] k=16: best_epoch=39 validation_mae=7.035023
    [GNN][Real4][NV-PrT] selected_k=4 refit_epochs=40
    [GNN][Real4][NV-PrT] test_mae=7.177415 baseline=18.976882 n=340
    [Real4][NV-PrT] fold 5/5: 74.6s
  [NV-PrT] 273.4s
    [GNN][Real4][NV-PaT] device=cpu
    [GNN][Real4][NV-PaT] k=4: train=1190, validation=170
      epoch 1/100 loss=26.095853 validation_mae=17.979448
      epoch 5/100 loss=5.830701 validation_mae=6.608537
      epoch 10/100 loss=5.392927 validation_mae=6.367201
      epoch 15/100 loss=5.503380 validation_mae=5.720773
      epoch 20/100 loss=5.361802 validation_mae=6.338825
      epoch 25/100 loss=5.437915 validation_mae=5.737100
      early stopping at epoch 25; best_epoch=15
    [GNN][Real4][NV-PaT] k=4: best_epoch=15 validation_mae=5.720773
    [GNN][Real4][NV-PaT] k=8: train=1190, validation=170
      epoch 1/100 loss=27.633064 validation_mae=22.237946
      epoch 5/100 loss=6.040755 validation_mae=6.387609
      epoch 10/100 loss=5.730531 validation_mae=5.800150
      epoch 15/100 loss=5.671206 validation_mae=6.107956
      epoch 20/100 loss=5.276371 validation_mae=5.954669
      epoch 25/100 loss=5.406801 validation_mae=6.199888
      epoch 30/100 loss=5.491260 validation_mae=5.989885
      epoch 35/100 loss=5.458147 validation_mae=5.937082
      early stopping at epoch 37; best_epoch=27
    [GNN][Real4][NV-PaT] k=8: best_epoch=27 validation_mae=5.709020
    [GNN][Real4][NV-PaT] k=16: train=1190, validation=170
      epoch 1/100 loss=27.165916 validation_mae=21.120783
      epoch 5/100 loss=6.166277 validation_mae=6.623631
      epoch 10/100 loss=5.697668 validation_mae=6.472471
      epoch 15/100 loss=5.434282 validation_mae=6.067817
      epoch 20/100 loss=5.400057 validation_mae=6.035822
      early stopping at epoch 23; best_epoch=13
    [GNN][Real4][NV-PaT] k=16: best_epoch=13 validation_mae=5.834221
    [GNN][Real4][NV-PaT] selected_k=8 refit_epochs=27
    [GNN][Real4][NV-PaT] test_mae=5.630414 baseline=18.637612 n=340
    [Real4][NV-PaT] fold 1/5: 49.3s
    [GNN][Real4][NV-PaT] device=cpu
    [GNN][Real4][NV-PaT] k=4: train=1190, validation=170
      epoch 1/100 loss=26.006510 validation_mae=18.858616
      epoch 5/100 loss=6.039525 validation_mae=4.237543
      epoch 10/100 loss=5.950972 validation_mae=4.128829
      epoch 15/100 loss=5.914486 validation_mae=4.156120
      epoch 20/100 loss=5.660502 validation_mae=3.955915
      epoch 25/100 loss=5.732251 validation_mae=4.092893
      early stopping at epoch 28; best_epoch=18
    [GNN][Real4][NV-PaT] k=4: best_epoch=18 validation_mae=3.902758
    [GNN][Real4][NV-PaT] k=8: train=1190, validation=170
      epoch 1/100 loss=26.237830 validation_mae=19.866411
      epoch 5/100 loss=6.066243 validation_mae=4.118783
      epoch 10/100 loss=5.700273 validation_mae=3.938982
      epoch 15/100 loss=5.825950 validation_mae=3.943121
      epoch 20/100 loss=5.835686 validation_mae=4.174695
      epoch 25/100 loss=5.494422 validation_mae=3.911451
      early stopping at epoch 28; best_epoch=18
    [GNN][Real4][NV-PaT] k=8: best_epoch=18 validation_mae=3.845740
    [GNN][Real4][NV-PaT] k=16: train=1190, validation=170
      epoch 1/100 loss=26.439774 validation_mae=20.140100
      epoch 5/100 loss=6.201878 validation_mae=4.157284
      epoch 10/100 loss=5.764910 validation_mae=4.190536
      epoch 15/100 loss=5.711937 validation_mae=3.976972
      early stopping at epoch 19; best_epoch=9
    [GNN][Real4][NV-PaT] k=16: best_epoch=9 validation_mae=3.871970
    [GNN][Real4][NV-PaT] selected_k=8 refit_epochs=18
    [GNN][Real4][NV-PaT] test_mae=5.281090 baseline=17.889235 n=340
    [Real4][NV-PaT] fold 2/5: 40.9s
    [GNN][Real4][NV-PaT] device=cpu
    [GNN][Real4][NV-PaT] k=4: train=1190, validation=170
      epoch 1/100 loss=25.609244 validation_mae=16.485352
      epoch 5/100 loss=5.834335 validation_mae=5.790158
      epoch 10/100 loss=5.599470 validation_mae=5.335177
      epoch 15/100 loss=5.605906 validation_mae=5.376961
      epoch 20/100 loss=5.520270 validation_mae=5.791949
      epoch 25/100 loss=5.498240 validation_mae=5.025933
      epoch 30/100 loss=5.412331 validation_mae=5.642643
      epoch 35/100 loss=5.580647 validation_mae=5.328091
      early stopping at epoch 39; best_epoch=29
    [GNN][Real4][NV-PaT] k=4: best_epoch=29 validation_mae=4.620518
    [GNN][Real4][NV-PaT] k=8: train=1190, validation=170
      epoch 1/100 loss=26.429275 validation_mae=19.616417
      epoch 5/100 loss=5.612430 validation_mae=5.331265
      epoch 10/100 loss=5.747639 validation_mae=5.729471
      epoch 15/100 loss=5.717848 validation_mae=5.520030
      epoch 20/100 loss=5.704041 validation_mae=5.881841
      early stopping at epoch 24; best_epoch=14
    [GNN][Real4][NV-PaT] k=8: best_epoch=14 validation_mae=4.896164
    [GNN][Real4][NV-PaT] k=16: train=1190, validation=170
      epoch 1/100 loss=26.339110 validation_mae=19.871111
      epoch 5/100 loss=5.962996 validation_mae=5.764935
      epoch 10/100 loss=5.669080 validation_mae=5.429740
      epoch 15/100 loss=5.753741 validation_mae=5.229468
      epoch 20/100 loss=5.459327 validation_mae=5.231261
      epoch 25/100 loss=5.681141 validation_mae=4.949869
      epoch 30/100 loss=5.531120 validation_mae=5.382680
      epoch 35/100 loss=5.340452 validation_mae=5.601253
      early stopping at epoch 38; best_epoch=28
    [GNN][Real4][NV-PaT] k=16: best_epoch=28 validation_mae=4.688851
    [GNN][Real4][NV-PaT] selected_k=4 refit_epochs=29
    [GNN][Real4][NV-PaT] test_mae=6.454804 baseline=20.226662 n=340
    [Real4][NV-PaT] fold 3/5: 56.1s
    [GNN][Real4][NV-PaT] device=cpu
    [GNN][Real4][NV-PaT] k=4: train=1190, validation=170
      epoch 1/100 loss=25.103285 validation_mae=18.548882
      epoch 5/100 loss=5.740536 validation_mae=4.636999
      epoch 10/100 loss=5.476579 validation_mae=4.464426
      epoch 15/100 loss=5.589859 validation_mae=4.561452
      early stopping at epoch 17; best_epoch=7
    [GNN][Real4][NV-PaT] k=4: best_epoch=7 validation_mae=4.432005
    [GNN][Real4][NV-PaT] k=8: train=1190, validation=170
      epoch 1/100 loss=25.101672 validation_mae=18.266350
      epoch 5/100 loss=6.037932 validation_mae=4.595855
      epoch 10/100 loss=5.596734 validation_mae=4.774864
      epoch 15/100 loss=5.453222 validation_mae=4.764847
      early stopping at epoch 15; best_epoch=5
    [GNN][Real4][NV-PaT] k=8: best_epoch=5 validation_mae=4.595855
    [GNN][Real4][NV-PaT] k=16: train=1190, validation=170
      epoch 1/100 loss=25.588652 validation_mae=21.299856
      epoch 5/100 loss=6.027641 validation_mae=4.895953
      epoch 10/100 loss=5.781050 validation_mae=4.626527
      epoch 15/100 loss=5.714989 validation_mae=5.001400
      early stopping at epoch 18; best_epoch=8
    [GNN][Real4][NV-PaT] k=16: best_epoch=8 validation_mae=4.562493
    [GNN][Real4][NV-PaT] selected_k=4 refit_epochs=7
    [GNN][Real4][NV-PaT] test_mae=6.531865 baseline=19.889206 n=340
    [Real4][NV-PaT] fold 4/5: 26.3s
    [GNN][Real4][NV-PaT] device=cpu
    [GNN][Real4][NV-PaT] k=4: train=1190, validation=170
      epoch 1/100 loss=26.305242 validation_mae=19.570700
      epoch 5/100 loss=5.894945 validation_mae=5.380956
      epoch 10/100 loss=5.594412 validation_mae=5.646023
      epoch 15/100 loss=5.662259 validation_mae=5.300195
      epoch 20/100 loss=5.506456 validation_mae=5.577535
      epoch 25/100 loss=5.509468 validation_mae=5.457179
      epoch 30/100 loss=5.590842 validation_mae=5.272849
      epoch 35/100 loss=5.453332 validation_mae=5.446947
      early stopping at epoch 37; best_epoch=27
    [GNN][Real4][NV-PaT] k=4: best_epoch=27 validation_mae=5.165665
    [GNN][Real4][NV-PaT] k=8: train=1190, validation=170
      epoch 1/100 loss=27.287105 validation_mae=24.010239
      epoch 5/100 loss=5.916054 validation_mae=5.642364
      epoch 10/100 loss=5.522812 validation_mae=5.538200
      early stopping at epoch 14; best_epoch=4
    [GNN][Real4][NV-PaT] k=8: best_epoch=4 validation_mae=5.390940
    [GNN][Real4][NV-PaT] k=16: train=1190, validation=170
      epoch 1/100 loss=26.517994 validation_mae=19.851574
      epoch 5/100 loss=5.950523 validation_mae=5.661345
      epoch 10/100 loss=5.629711 validation_mae=5.559247
      epoch 15/100 loss=5.531421 validation_mae=5.697385
      early stopping at epoch 18; best_epoch=8
    [GNN][Real4][NV-PaT] k=16: best_epoch=8 validation_mae=5.385670
    [GNN][Real4][NV-PaT] selected_k=4 refit_epochs=27
    [GNN][Real4][NV-PaT] test_mae=5.668557 baseline=18.339062 n=340
    [Real4][NV-PaT] fold 5/5: 42.3s
  [NV-PaT] 215.0s
    [GNN][Real4][NV-NMPr] device=cpu
    [GNN][Real4][NV-NMPr] k=4: train=1190, validation=170
      epoch 1/100 loss=2.553856 validation_mae=1.180213
      epoch 5/100 loss=0.145939 validation_mae=0.214292
      epoch 10/100 loss=0.141051 validation_mae=0.188558
      epoch 15/100 loss=0.131761 validation_mae=0.167451
      epoch 20/100 loss=0.128274 validation_mae=0.127038
      epoch 25/100 loss=0.127389 validation_mae=0.117266
      epoch 30/100 loss=0.123675 validation_mae=0.228526
      early stopping at epoch 33; best_epoch=23
    [GNN][Real4][NV-NMPr] k=4: best_epoch=23 validation_mae=0.112871
    [GNN][Real4][NV-NMPr] k=8: train=1190, validation=170
      epoch 1/100 loss=2.569320 validation_mae=1.179697
      epoch 5/100 loss=0.160198 validation_mae=0.218781
      epoch 10/100 loss=0.137862 validation_mae=0.179947
      epoch 15/100 loss=0.126500 validation_mae=0.226573
      epoch 20/100 loss=0.135303 validation_mae=0.129053
      epoch 25/100 loss=0.131501 validation_mae=0.151984
      epoch 30/100 loss=0.119935 validation_mae=0.123519
      epoch 35/100 loss=0.118811 validation_mae=0.313774
      epoch 40/100 loss=0.130240 validation_mae=0.111616
      epoch 45/100 loss=0.128300 validation_mae=0.205067
      epoch 50/100 loss=0.104706 validation_mae=0.153274
      epoch 55/100 loss=0.117703 validation_mae=0.104866
      epoch 60/100 loss=0.108135 validation_mae=0.119727
      epoch 65/100 loss=0.120080 validation_mae=0.174497
      early stopping at epoch 65; best_epoch=55
    [GNN][Real4][NV-NMPr] k=8: best_epoch=55 validation_mae=0.104866
    [GNN][Real4][NV-NMPr] k=16: train=1190, validation=170
      epoch 1/100 loss=2.952660 validation_mae=1.385721
      epoch 5/100 loss=0.158917 validation_mae=0.235769
      epoch 10/100 loss=0.152779 validation_mae=0.250782
      epoch 15/100 loss=0.137642 validation_mae=0.192235
      epoch 20/100 loss=0.148725 validation_mae=0.152061
      epoch 25/100 loss=0.131710 validation_mae=0.121565
      epoch 30/100 loss=0.144701 validation_mae=0.225896
      epoch 35/100 loss=0.127248 validation_mae=0.194483
      epoch 40/100 loss=0.124869 validation_mae=0.147698
      epoch 45/100 loss=0.131380 validation_mae=0.119957
      early stopping at epoch 46; best_epoch=36
    [GNN][Real4][NV-NMPr] k=16: best_epoch=36 validation_mae=0.107250
    [GNN][Real4][NV-NMPr] selected_k=8 refit_epochs=55
    [GNN][Real4][NV-NMPr] test_mae=0.094464 baseline=1.770588 n=340
    [Real4][NV-NMPr] fold 1/5: 85.3s
    [GNN][Real4][NV-NMPr] device=cpu
    [GNN][Real4][NV-NMPr] k=4: train=1190, validation=170
      epoch 1/100 loss=2.574384 validation_mae=1.332429
      epoch 5/100 loss=0.140138 validation_mae=0.210063
      epoch 10/100 loss=0.144949 validation_mae=0.201118
      epoch 15/100 loss=0.129879 validation_mae=0.128442
      epoch 20/100 loss=0.121076 validation_mae=0.143625
      epoch 25/100 loss=0.125083 validation_mae=0.121433
      epoch 30/100 loss=0.122714 validation_mae=0.174248
      epoch 35/100 loss=0.119265 validation_mae=0.103535
      epoch 40/100 loss=0.118225 validation_mae=0.136942
      epoch 45/100 loss=0.107905 validation_mae=0.128817
      epoch 50/100 loss=0.110372 validation_mae=0.164663
      epoch 55/100 loss=0.109198 validation_mae=0.123525
      early stopping at epoch 56; best_epoch=46
    [GNN][Real4][NV-NMPr] k=4: best_epoch=46 validation_mae=0.092500
    [GNN][Real4][NV-NMPr] k=8: train=1190, validation=170
      epoch 1/100 loss=2.705486 validation_mae=1.352512
      epoch 5/100 loss=0.149841 validation_mae=0.194375
      epoch 10/100 loss=0.140023 validation_mae=0.199417
      epoch 15/100 loss=0.126262 validation_mae=0.146890
      epoch 20/100 loss=0.116641 validation_mae=0.197093
      epoch 25/100 loss=0.113900 validation_mae=0.147827
      early stopping at epoch 28; best_epoch=18
    [GNN][Real4][NV-NMPr] k=8: best_epoch=18 validation_mae=0.114039
    [GNN][Real4][NV-NMPr] k=16: train=1190, validation=170
      epoch 1/100 loss=2.992802 validation_mae=1.507510
      epoch 5/100 loss=0.177411 validation_mae=0.205688
      epoch 10/100 loss=0.140103 validation_mae=0.122883
      epoch 15/100 loss=0.158964 validation_mae=0.115692
      epoch 20/100 loss=0.134561 validation_mae=0.129008
      epoch 25/100 loss=0.134928 validation_mae=0.147495
      epoch 30/100 loss=0.130929 validation_mae=0.229140
      epoch 35/100 loss=0.130614 validation_mae=0.134274
      epoch 40/100 loss=0.132798 validation_mae=0.111287
      early stopping at epoch 42; best_epoch=32
    [GNN][Real4][NV-NMPr] k=16: best_epoch=32 validation_mae=0.097163
    [GNN][Real4][NV-NMPr] selected_k=4 refit_epochs=46
    [GNN][Real4][NV-NMPr] test_mae=0.113137 baseline=1.788235 n=340
    [Real4][NV-NMPr] fold 2/5: 73.9s
    [GNN][Real4][NV-NMPr] device=cpu
    [GNN][Real4][NV-NMPr] k=4: train=1190, validation=170
      epoch 1/100 loss=2.572657 validation_mae=1.402673
      epoch 5/100 loss=0.150808 validation_mae=0.211002
      epoch 10/100 loss=0.145618 validation_mae=0.218631
      epoch 15/100 loss=0.131591 validation_mae=0.149459
      epoch 20/100 loss=0.122757 validation_mae=0.150636
      epoch 25/100 loss=0.125177 validation_mae=0.123109
      epoch 30/100 loss=0.122078 validation_mae=0.214169
      epoch 35/100 loss=0.121085 validation_mae=0.125701
      early stopping at epoch 37; best_epoch=27
    [GNN][Real4][NV-NMPr] k=4: best_epoch=27 validation_mae=0.121432
    [GNN][Real4][NV-NMPr] k=8: train=1190, validation=170
      epoch 1/100 loss=3.096308 validation_mae=1.713353
      epoch 5/100 loss=0.173810 validation_mae=0.171389
      epoch 10/100 loss=0.155320 validation_mae=0.308125
      epoch 15/100 loss=0.149592 validation_mae=0.263767
      epoch 20/100 loss=0.153575 validation_mae=0.150291
      early stopping at epoch 24; best_epoch=14
    [GNN][Real4][NV-NMPr] k=8: best_epoch=14 validation_mae=0.108846
    [GNN][Real4][NV-NMPr] k=16: train=1190, validation=170
      epoch 1/100 loss=2.781629 validation_mae=1.495573
      epoch 5/100 loss=0.173542 validation_mae=0.274409
      epoch 10/100 loss=0.152099 validation_mae=0.254346
      epoch 15/100 loss=0.138147 validation_mae=0.152242
      epoch 20/100 loss=0.116251 validation_mae=0.150492
      epoch 25/100 loss=0.133961 validation_mae=0.122906
      early stopping at epoch 27; best_epoch=17
    [GNN][Real4][NV-NMPr] k=16: best_epoch=17 validation_mae=0.119073
    [GNN][Real4][NV-NMPr] selected_k=8 refit_epochs=14
    [GNN][Real4][NV-NMPr] test_mae=0.227175 baseline=1.738235 n=340
    [Real4][NV-NMPr] fold 3/5: 44.4s
    [GNN][Real4][NV-NMPr] device=cpu
    [GNN][Real4][NV-NMPr] k=4: train=1190, validation=170
      epoch 1/100 loss=2.546902 validation_mae=1.232575
      epoch 5/100 loss=0.139168 validation_mae=0.184524
      epoch 10/100 loss=0.142480 validation_mae=0.274239
      epoch 15/100 loss=0.130082 validation_mae=0.157239
      epoch 20/100 loss=0.123998 validation_mae=0.153971
      epoch 25/100 loss=0.126307 validation_mae=0.126463
      epoch 30/100 loss=0.117951 validation_mae=0.172165
      epoch 35/100 loss=0.117782 validation_mae=0.097834
      epoch 40/100 loss=0.116357 validation_mae=0.181267
      epoch 45/100 loss=0.106331 validation_mae=0.152260
      early stopping at epoch 45; best_epoch=35
    [GNN][Real4][NV-NMPr] k=4: best_epoch=35 validation_mae=0.097834
    [GNN][Real4][NV-NMPr] k=8: train=1190, validation=170
      epoch 1/100 loss=2.786280 validation_mae=1.497884
      epoch 5/100 loss=0.162830 validation_mae=0.206224
      epoch 10/100 loss=0.137546 validation_mae=0.144871
      epoch 15/100 loss=0.133548 validation_mae=0.128756
      epoch 20/100 loss=0.127285 validation_mae=0.120550
      epoch 25/100 loss=0.119273 validation_mae=0.199972
      epoch 30/100 loss=0.116667 validation_mae=0.117398
      epoch 35/100 loss=0.115228 validation_mae=0.134656
      early stopping at epoch 39; best_epoch=29
    [GNN][Real4][NV-NMPr] k=8: best_epoch=29 validation_mae=0.099038
    [GNN][Real4][NV-NMPr] k=16: train=1190, validation=170
      epoch 1/100 loss=2.972148 validation_mae=1.310368
      epoch 5/100 loss=0.175988 validation_mae=0.230583
      epoch 10/100 loss=0.150142 validation_mae=0.150316
      epoch 15/100 loss=0.161690 validation_mae=0.138693
      epoch 20/100 loss=0.136845 validation_mae=0.126027
      epoch 25/100 loss=0.140007 validation_mae=0.117095
      epoch 30/100 loss=0.135517 validation_mae=0.179201
      epoch 35/100 loss=0.133929 validation_mae=0.170543
      epoch 40/100 loss=0.132648 validation_mae=0.121536
      early stopping at epoch 42; best_epoch=32
    [GNN][Real4][NV-NMPr] k=16: best_epoch=32 validation_mae=0.103164
    [GNN][Real4][NV-NMPr] selected_k=4 refit_epochs=35
    [GNN][Real4][NV-NMPr] test_mae=0.109873 baseline=1.750000 n=340
    [Real4][NV-NMPr] fold 4/5: 69.3s
    [GNN][Real4][NV-NMPr] device=cpu
    [GNN][Real4][NV-NMPr] k=4: train=1190, validation=170
      epoch 1/100 loss=2.566981 validation_mae=1.355175
      epoch 5/100 loss=0.149416 validation_mae=0.189877
      epoch 10/100 loss=0.140210 validation_mae=0.246565
      epoch 15/100 loss=0.130290 validation_mae=0.197529
      epoch 20/100 loss=0.119711 validation_mae=0.145405
      epoch 25/100 loss=0.123454 validation_mae=0.129860
      epoch 30/100 loss=0.124246 validation_mae=0.195247
      epoch 35/100 loss=0.118508 validation_mae=0.103455
      epoch 40/100 loss=0.116021 validation_mae=0.163683
      epoch 45/100 loss=0.106871 validation_mae=0.153211
      early stopping at epoch 45; best_epoch=35
    [GNN][Real4][NV-NMPr] k=4: best_epoch=35 validation_mae=0.103455
    [GNN][Real4][NV-NMPr] k=8: train=1190, validation=170
      epoch 1/100 loss=2.764974 validation_mae=1.336293
      epoch 5/100 loss=0.160305 validation_mae=0.199193
      epoch 10/100 loss=0.137362 validation_mae=0.139751
      epoch 15/100 loss=0.134982 validation_mae=0.132550
      epoch 20/100 loss=0.133460 validation_mae=0.150816
      epoch 25/100 loss=0.126879 validation_mae=0.237096
      epoch 30/100 loss=0.115163 validation_mae=0.125602
      epoch 35/100 loss=0.119198 validation_mae=0.179851
      early stopping at epoch 39; best_epoch=29
    [GNN][Real4][NV-NMPr] k=8: best_epoch=29 validation_mae=0.111677
    [GNN][Real4][NV-NMPr] k=16: train=1190, validation=170
      epoch 1/100 loss=2.993161 validation_mae=1.469022
      epoch 5/100 loss=0.173922 validation_mae=0.226519
      epoch 10/100 loss=0.146284 validation_mae=0.170715
      epoch 15/100 loss=0.159079 validation_mae=0.128114
      epoch 20/100 loss=0.133469 validation_mae=0.152808
      epoch 25/100 loss=0.139305 validation_mae=0.118221
      epoch 30/100 loss=0.133863 validation_mae=0.189778
      epoch 35/100 loss=0.127893 validation_mae=0.196260
      early stopping at epoch 35; best_epoch=25
    [GNN][Real4][NV-NMPr] k=16: best_epoch=25 validation_mae=0.118221
    [GNN][Real4][NV-NMPr] selected_k=4 refit_epochs=35
    [GNN][Real4][NV-NMPr] test_mae=0.123301 baseline=1.732353 n=340
    [Real4][NV-NMPr] fold 5/5: 66.0s
  [NV-NMPr] 339.0s
    [GNN][Real4][OB-M] device=cpu
    [GNN][Real4][OB-M] k=4: train=1190, validation=170
      epoch 1/100 loss=0.375592 validation_f1_macro=1.000000
      epoch 5/100 loss=0.000358 validation_f1_macro=1.000000
      epoch 10/100 loss=0.000093 validation_f1_macro=1.000000
      early stopping at epoch 11; best_epoch=1
    [GNN][Real4][OB-M] k=4: best_epoch=1 validation_f1_macro=1.000000
    [GNN][Real4][OB-M] k=8: train=1190, validation=170
      epoch 1/100 loss=0.457929 validation_f1_macro=1.000000
      epoch 5/100 loss=0.000415 validation_f1_macro=1.000000
      epoch 10/100 loss=0.000096 validation_f1_macro=1.000000
      early stopping at epoch 11; best_epoch=1
    [GNN][Real4][OB-M] k=8: best_epoch=1 validation_f1_macro=1.000000
    [GNN][Real4][OB-M] k=16: train=1190, validation=170
      epoch 1/100 loss=0.393992 validation_f1_macro=1.000000
      epoch 5/100 loss=0.000289 validation_f1_macro=1.000000
      epoch 10/100 loss=0.000112 validation_f1_macro=1.000000
      early stopping at epoch 11; best_epoch=1
    [GNN][Real4][OB-M] k=16: best_epoch=1 validation_f1_macro=1.000000
    [GNN][Real4][OB-M] selected_k=4 refit_epochs=1
    [GNN][Real4][OB-M] test_f1_macro=1.000000 baseline=0.468750 n=340
    [Real4][OB-M] fold 1/5: 16.8s
    [GNN][Real4][OB-M] device=cpu
    [GNN][Real4][OB-M] k=4: train=1190, validation=170
      epoch 1/100 loss=0.377105 validation_f1_macro=1.000000
      epoch 5/100 loss=0.000337 validation_f1_macro=1.000000
      epoch 10/100 loss=0.000078 validation_f1_macro=1.000000
      early stopping at epoch 11; best_epoch=1
    [GNN][Real4][OB-M] k=4: best_epoch=1 validation_f1_macro=1.000000
    [GNN][Real4][OB-M] k=8: train=1190, validation=170
      epoch 1/100 loss=0.461086 validation_f1_macro=1.000000
      epoch 5/100 loss=0.000461 validation_f1_macro=1.000000
      epoch 10/100 loss=0.000104 validation_f1_macro=1.000000
      early stopping at epoch 11; best_epoch=1
    [GNN][Real4][OB-M] k=8: best_epoch=1 validation_f1_macro=1.000000
    [GNN][Real4][OB-M] k=16: train=1190, validation=170
      epoch 1/100 loss=0.394042 validation_f1_macro=1.000000
      epoch 5/100 loss=0.000264 validation_f1_macro=1.000000
      epoch 10/100 loss=0.000103 validation_f1_macro=1.000000
      early stopping at epoch 11; best_epoch=1
    [GNN][Real4][OB-M] k=16: best_epoch=1 validation_f1_macro=1.000000
    [GNN][Real4][OB-M] selected_k=4 refit_epochs=1
    [GNN][Real4][OB-M] test_f1_macro=1.000000 baseline=0.468750 n=340
    [Real4][OB-M] fold 2/5: 16.9s
    [GNN][Real4][OB-M] device=cpu
    [GNN][Real4][OB-M] k=4: train=1190, validation=170
      epoch 1/100 loss=0.375956 validation_f1_macro=1.000000
      epoch 5/100 loss=0.000374 validation_f1_macro=1.000000
      epoch 10/100 loss=0.000097 validation_f1_macro=1.000000
      early stopping at epoch 11; best_epoch=1
    [GNN][Real4][OB-M] k=4: best_epoch=1 validation_f1_macro=1.000000
    [GNN][Real4][OB-M] k=8: train=1190, validation=170
      epoch 1/100 loss=0.461429 validation_f1_macro=1.000000
      epoch 5/100 loss=0.000383 validation_f1_macro=1.000000
      epoch 10/100 loss=0.000086 validation_f1_macro=1.000000
      early stopping at epoch 11; best_epoch=1
    [GNN][Real4][OB-M] k=8: best_epoch=1 validation_f1_macro=1.000000
    [GNN][Real4][OB-M] k=16: train=1190, validation=170
      epoch 1/100 loss=0.395078 validation_f1_macro=1.000000
      epoch 5/100 loss=0.000287 validation_f1_macro=1.000000
      epoch 10/100 loss=0.000112 validation_f1_macro=1.000000
      early stopping at epoch 11; best_epoch=1
    [GNN][Real4][OB-M] k=16: best_epoch=1 validation_f1_macro=1.000000
    [GNN][Real4][OB-M] selected_k=4 refit_epochs=1
    [GNN][Real4][OB-M] test_f1_macro=1.000000 baseline=0.468750 n=340
    [Real4][OB-M] fold 3/5: 16.7s
    [GNN][Real4][OB-M] device=cpu
    [GNN][Real4][OB-M] k=4: train=1190, validation=170
      epoch 1/100 loss=0.375770 validation_f1_macro=1.000000
      epoch 5/100 loss=0.000350 validation_f1_macro=1.000000
      epoch 10/100 loss=0.000085 validation_f1_macro=1.000000
      early stopping at epoch 11; best_epoch=1
    [GNN][Real4][OB-M] k=4: best_epoch=1 validation_f1_macro=1.000000
    [GNN][Real4][OB-M] k=8: train=1190, validation=170
      epoch 1/100 loss=0.460830 validation_f1_macro=1.000000
      epoch 5/100 loss=0.000409 validation_f1_macro=1.000000
      epoch 10/100 loss=0.000091 validation_f1_macro=1.000000
      early stopping at epoch 11; best_epoch=1
    [GNN][Real4][OB-M] k=8: best_epoch=1 validation_f1_macro=1.000000
    [GNN][Real4][OB-M] k=16: train=1190, validation=170
      epoch 1/100 loss=0.392413 validation_f1_macro=1.000000
      epoch 5/100 loss=0.000282 validation_f1_macro=1.000000
      epoch 10/100 loss=0.000122 validation_f1_macro=1.000000
      early stopping at epoch 11; best_epoch=1
    [GNN][Real4][OB-M] k=16: best_epoch=1 validation_f1_macro=1.000000
    [GNN][Real4][OB-M] selected_k=4 refit_epochs=1
    [GNN][Real4][OB-M] test_f1_macro=1.000000 baseline=0.468750 n=340
    [Real4][OB-M] fold 4/5: 16.7s
    [GNN][Real4][OB-M] device=cpu
    [GNN][Real4][OB-M] k=4: train=1190, validation=170
      epoch 1/100 loss=0.378271 validation_f1_macro=1.000000
      epoch 5/100 loss=0.000360 validation_f1_macro=1.000000
      epoch 10/100 loss=0.000094 validation_f1_macro=1.000000
      early stopping at epoch 11; best_epoch=1
    [GNN][Real4][OB-M] k=4: best_epoch=1 validation_f1_macro=1.000000
    [GNN][Real4][OB-M] k=8: train=1190, validation=170
      epoch 1/100 loss=0.459513 validation_f1_macro=1.000000
      epoch 5/100 loss=0.000429 validation_f1_macro=1.000000
      epoch 10/100 loss=0.000099 validation_f1_macro=1.000000
      early stopping at epoch 11; best_epoch=1
    [GNN][Real4][OB-M] k=8: best_epoch=1 validation_f1_macro=1.000000
    [GNN][Real4][OB-M] k=16: train=1190, validation=170
      epoch 1/100 loss=0.396922 validation_f1_macro=1.000000
      epoch 5/100 loss=0.000303 validation_f1_macro=1.000000
      epoch 10/100 loss=0.000114 validation_f1_macro=1.000000
      early stopping at epoch 11; best_epoch=1
    [GNN][Real4][OB-M] k=16: best_epoch=1 validation_f1_macro=1.000000
    [GNN][Real4][OB-M] selected_k=4 refit_epochs=1
    [GNN][Real4][OB-M] test_f1_macro=1.000000 baseline=0.468750 n=340
    [Real4][OB-M] fold 5/5: 16.8s
  [OB-M] 84.0s
  [time] Real4 total: 1379.4s
[ok] wrote rq3_progress_gnn_predictcollab.log
[ok] wrote rq3_results_gnn_predictcollab.csv
[ok] wrote rq3_profile_gnn_predictcollab.csv

[note] RQ1 (transformation + P1 + schema) is the converter's tool.
