case_id,fold
1-364285768,3
1-467153946,3
1-503573772,2
1-504538555,4
1-506071646,1
1-512795200,2
1-516553982,3
1-522528740,0
1-523391859,1
1-529067006,3
1-529096847,1
1-530458987,3
1-530772502,1
1-530838254,0
1-532109338,3
1-536444735,0
1-536481337,2
1-537219938,0
1-540390551,3
1-541468268,1
1-543317665,4
1-543979253,4
1-544969832,2
1-544976636,1
1-550213097,4
1-557297151,1
1-559795575,2
1-565045794,3
1-567358917,0
1-577292898,3
1-578864726,1
1-580893958,2
1-580987781,2
1-583200733,3
1-587101946,3
1-593737913,2
1-594260021,4
1-597436480,1
1-601328051,3
1-603556351,4
1-603749197,3
1-604144478,3
1-605313141,4
1-605956457,3
1-606902814,0
1-609835209,1
1-611261188,2
1-613379581,1
1-614948909,1
1-617858557,2
1-618854217,2
1-619069761,2
1-620611187,3
1-620858291,3
1-621825480,0
1-623778166,2
1-626766981,2
1-627819166,1
1-627973205,2
1-629364071,3
1-629883996,3
1-630181491,4
1-632620937,2
1-634340171,1
1-634738521,3
1-635268712,1
1-635375181,4
1-636928149,1
1-637842042,0
1-638018481,4
1-638289351,1
1-638742591,3
1-638841644,3
1-638945511,1
1-642373523,3
1-642402641,4
1-642411971,2
1-642714990,4
1-642761396,1
1-642781041,1
1-643338463,1
1-643546500,1
1-643684191,3
1-643733486,0
1-644761840,0
1-647788578,1
1-647953636,4
1-648471635,2
1-648654669,1
1-649830550,1
1-649950870,2
1-650013051,4
1-651196130,0
1-651324866,3
1-652256138,1
1-652468131,3
1-652924814,2
1-652947231,4
1-653391886,1
1-654423931,2
1-655021441,1
1-655281402,0
1-656241183,0
1-656373348,3
1-656450664,2
1-657323705,4
1-657893589,0
1-657900377,1
1-658045761,3
1-658345511,3
1-658515933,3
1-658538636,4
1-659129745,4
1-659713703,0
1-660051308,1
1-660218981,0
1-660730501,0
1-660865454,1
1-660915327,3
1-665922195,4
1-673825643,0
1-682281772,4
1-683319231,2
1-683762637,4
1-684012815,3
1-684695843,1
1-685098751,3
1-685155470,2
1-686398767,0
1-686497432,2
1-686580161,2
1-686609791,1
1-686885675,3
1-687082195,2
1-687085471,3
1-687329729,2
1-687521104,0
1-687544011,0
1-687638428,4
1-687647619,2
1-687710013,1
1-688278051,2
1-688624453,3
1-688689511,2
1-688696731,1
1-689206959,2
1-689461262,1
1-689501709,1
1-690238688,4
1-690422411,2
1-690436171,1
1-690839783,2
1-691049627,2
1-691129791,0
1-691759626,3
1-691782323,2
1-691794481,4
1-691811604,1
1-691832279,1
1-691950241,3
1-691971107,2
1-692009261,2
1-692067345,4
1-692755228,4
1-692758611,2
1-692758994,3
1-692918254,4
1-693021183,3
1-693200675,3
1-693253181,2
1-693258975,0
1-693300691,1
1-693352046,3
1-693412654,0
1-693587250,4
1-693822171,4
1-693837467,2
1-694035053,0
1-694236018,4
1-694266600,3
1-694274811,3
1-694300980,0
1-694339964,4
1-694346169,0
1-694375168,0
1-694457714,1
1-694782353,3
1-694796871,1
1-694844381,0
1-694845331,4
1-694868667,2
1-694899341,1
1-694975897,4
1-695147297,0
1-695221831,0
1-695298616,0
1-695360832,4
1-695452478,3
1-695486451,3
1-695870591,0
1-695872361,4
1-696080795,1
1-696101645,0
1-696163170,2
1-696361691,0
1-696484951,2
1-696831586,3
1-696861441,4
1-696882469,2
1-696894381,4
1-696911694,0
1-696915401,2
1-696981592,2
1-697462851,4
1-697478298,1
1-697528961,1
1-697746161,1
1-697751037,1
1-697774726,1
1-697777158,2
1-697896972,3
1-697955020,2
1-698029651,2
1-698029851,0
1-698036851,0
1-698065363,4
1-698350971,0
1-698400941,4
1-698487635,2
1-698555281,1
1-698572466,1
1-698843072,1
1-698990450,4
1-699016718,3
1-699103686,3
1-699262145,3
1-699297808,2
1-699344291,3
1-699545679,4
1-699557832,4
1-699617036,2
1-699655497,3
1-699703931,3
1-699719677,2
1-699750568,4
1-699989926,2
1-700135371,2
1-700161985,2
1-700205396,4
1-700245581,0
1-700300604,1
1-700356558,2
1-700370143,4
1-700427997,4
1-700431220,0
1-700466198,3
1-700466740,1
1-700563427,3
1-700591261,2
1-700822736,3
1-700826141,2
1-700955144,0
1-701147913,3
1-701284355,1
1-701412801,4
1-701488609,1
1-701567557,1
1-701687914,2
1-701688007,0
1-701799752,2
1-701820421,4
1-702316147,4
1-702542377,1
1-702551585,1
1-702586831,4
1-702667331,4
1-703146498,1
1-703263656,3
1-703279569,4
1-703368981,1
1-703430111,1
1-703433841,2
1-703547921,3
1-703888972,2
1-703940589,3
1-703995711,4
1-703999194,4
1-704030543,2
1-704051851,2
1-704096711,0
1-704155821,0
1-704163965,0
1-704194471,0
1-704218008,1
1-704223291,2
1-704275949,4
1-704682611,3
1-704747578,3
1-704804641,0
1-704849848,0
1-704868231,0
1-704940021,0
1-704946941,1
1-704985732,1
1-705039067,2
1-705039821,4
1-705050337,2
1-705084201,4
1-705164933,4
1-705201889,4
1-705739949,2
1-705770183,0
1-705791051,0
1-705791341,3
1-705845431,1
1-705847078,1
1-705847232,3
1-705895959,4
1-705901284,3
1-705937016,2
1-705976449,4
1-705991296,4
1-706022221,2
1-706095828,2
1-706148201,3
1-706158289,0
1-706221211,4
1-706221681,4
1-706532382,2
1-706532431,3
1-706675514,2
1-706700376,2
1-706844801,3
1-706845546,4
1-706880563,1
1-706983808,0
1-706996552,0
1-707167142,2
1-707196413,2
1-707214451,0
1-707231563,0
1-707253770,4
1-707295006,1
1-707613853,2
1-707644921,0
1-707689061,4
1-707771775,2
1-707802351,2
1-707807221,0
1-707854303,0
1-707933295,4
1-707939234,1
1-707991342,3
1-708029447,0
1-708059841,1
1-708116781,4
1-708116786,3
1-708177338,4
1-708505881,0
1-708524564,2
1-708526701,3
1-708529881,0
1-708573022,1
1-708577179,0
1-708587941,4
1-708588651,0
1-708605704,4
1-708618611,0
1-708621071,3
1-708621211,1
1-708621216,4
1-708625573,4
1-708654057,4
1-708654206,1
1-708654452,3
1-708674093,2
1-708824660,4
1-708840091,4
1-708840281,0
1-708840891,0
1-708879965,4
1-708954745,4
1-709023396,3
1-709033790,0
1-709073301,3
1-709073651,1
1-709167822,2
1-709437564,3
1-709456716,0
1-709465778,1
1-709477967,0
1-709496690,2
1-709502283,2
1-709504717,3
1-709505128,0
1-709542591,3
1-709544188,0
1-709557170,0
1-709563207,3
1-709563537,2
1-709663406,0
1-709707903,0
1-709715968,1
1-709758563,2
1-709769982,0
1-709804068,3
1-709831036,4
1-709844441,0
1-710083211,3
1-710083501,1
1-710083691,4
1-710083831,2
1-710133933,4
1-710177495,4
1-710211491,1
1-710248131,0
1-712880822,3
1-712891909,2
1-712901719,1
1-712908376,4
1-712916847,1
1-712916876,3
1-712942400,0
1-712950734,2
1-712979761,2
1-713046754,1
1-713472354,0
1-713472661,3
1-713520241,3
1-715404545,0
1-715416221,2
1-715416771,4
1-715437063,3
1-715439170,1
1-715505142,2
1-715505758,3
1-715628657,0
1-715641871,1
1-715642734,0
1-715658220,3
1-715673631,1
1-715677131,0
1-715689451,0
1-715704641,2
1-715713221,4
1-715724341,2
1-715731471,3
1-715739627,3
1-715753705,1
1-715780861,2
1-715819222,4
1-715860853,1
1-715927090,3
1-715977583,0
1-716035538,0
1-716092458,1
1-716114500,2
1-716164282,2
1-716195100,2
1-716202992,3
1-716215673,2
1-716219287,2
1-716221928,0
1-716224739,0
1-716234193,3
1-716234358,2
1-716289998,4
1-716290816,0
1-716294642,1
1-716331563,2
1-716381288,1
1-716409968,1
1-716410137,3
1-716410529,1
1-716425334,3
1-716445231,0
1-716466808,3
1-716467704,2
1-716473461,3
1-716510112,3
1-716530349,0
1-716547687,1
1-716584541,1
1-716584881,2
1-716587209,0
1-716629872,0
1-716650567,1
1-716650593,4
1-716688713,4
1-716689691,2
1-716949717,2
1-716962496,3
1-716981483,0
1-716989377,1
1-717021893,2
1-717027282,3
1-717067711,4
1-717113861,0
1-717126508,0
1-717137957,3
1-717173812,4
1-717197709,1
1-717207263,4
1-717210101,0
1-717227518,0
1-717228961,2
1-717275031,1
1-717283611,4
1-717331011,3
1-717333026,1
1-717397801,2
1-717413361,4
1-717419109,3
1-717431477,4
1-717446378,2
1-717491930,1
1-717684213,0
1-717714208,0
1-717717559,1
1-717720404,1
1-717726137,4
1-717764374,0
1-717770354,0
1-717795233,1
1-717799091,4
1-717837851,3
1-717843904,3
1-717845096,4
1-717854005,3
1-717901005,3
1-717914963,4
1-717915624,0
1-717918204,4
1-717918214,3
1-717954369,2
1-717971591,1
1-717977915,1
1-717979241,0
1-718004998,0
1-718005400,1
1-718021221,4
1-718028943,3
1-718032180,4
1-718038855,2
1-718043945,2
1-718089090,0
1-718100518,3
1-718132991,1
1-718133341,4
1-718151332,3
1-718162127,0
1-718915746,3
1-718965291,3
1-718977997,0
1-718997398,2
1-719009547,0
1-719035508,4
1-719042888,1
1-719069585,1
1-719110506,4
1-719114721,1
1-719156663,4
1-719171201,0
1-719171221,0
1-719171831,2
1-719199551,0
1-719204935,4
1-719232179,4
1-719232890,1
1-719240042,0
1-719251456,2
1-719257516,0
1-719272244,2
1-719278453,2
1-719278949,0
1-719283506,2
1-719317155,1
1-719343054,1
1-719365340,0
1-719368467,4
1-719376891,2
1-719396793,3
1-719401266,1
1-719410841,4
1-719417071,2
1-719418321,0
1-719427538,4
1-719457882,3
1-719494184,0
1-719527281,1
1-719527701,4
1-719545691,1
1-719557568,3
1-719557848,0
1-719562894,0
1-719564142,3
1-719570805,1
1-719604235,3
1-719999107,4
1-719999555,4
1-720001688,1
1-720016461,0
1-720020557,2
1-720038450,1
1-720050050,4
1-720058448,0
1-720069769,1
1-720106082,0
1-720110782,0
1-720113580,2
1-720120744,3
1-720121244,3
1-720123132,0
1-720132322,3
1-720136396,4
1-720136845,1
1-720139895,1
1-720148628,0
1-720162489,3
1-720183338,4
1-720204222,2
1-720205701,2
1-720206203,3
1-720210419,3
1-720236091,0
1-720236793,4
1-720238081,3
1-720238521,2
1-720238611,4
1-720256656,2
1-720284313,1
1-720284411,0
1-720286653,2
1-720286781,3
1-720293692,3
1-720303301,2
1-720314291,1
1-720344447,0
1-720348105,1
1-720382341,2
1-720382501,1
1-720395521,2
1-720397707,0
1-720399249,2
1-720413010,4
1-720431324,2
1-720444903,1
1-720467504,2
1-720472166,3
1-720472355,1
1-720480174,0
1-720521568,4
1-720573655,0
1-720600393,2
1-720602934,3
1-720625387,0
1-722011393,2
1-722015518,1
1-722019330,0
1-722031971,4
1-722032861,2
1-722036421,3
1-722037671,2
1-722043575,1
1-722053011,4
1-722064650,1
1-722070899,3
1-722082563,4
1-722087493,3
1-722100455,2
1-722103115,2
1-722103633,4
1-722135071,1
1-722135191,3
1-722135421,0
1-722180065,1
1-722180141,1
1-722195560,2
1-722199228,3
1-722201622,0
1-722206475,1
1-722223033,0
1-722240826,2
1-722242703,0
1-722244560,1
1-722261790,2
1-722273075,4
1-722293660,3
1-722299587,1
1-722306467,3
1-722332101,3
1-722362086,0
1-722385327,1
1-722386222,2
1-722386268,4
1-722388008,4
1-722393548,4
1-722398871,2
1-722410869,4
1-722410885,3
1-722415150,3
1-722446422,2
1-722446651,4
1-722456527,0
1-722456790,3
1-722457895,1
1-722464062,4
1-722485381,2
1-722499503,2
1-722514203,1
1-722535466,3
1-722551539,2
1-722557526,2
1-722557908,3
1-722563391,1
1-722563431,1
1-722563671,0
1-722563681,4
1-722568166,0
1-722576991,4
1-722577251,0
1-722577581,3
1-722579031,1
1-722579712,4
1-722586342,0
1-722591617,2
1-722603802,2
1-722633677,3
1-722653227,2
1-722676283,1
1-722676834,3
1-722682307,4
1-722698931,2
1-722699121,3
1-722699381,2
1-722751796,0
1-722774781,2
1-722800373,2
1-722802882,0
1-724993372,4
1-726519362,4
1-726519612,1
1-726521429,2
1-726528936,4
1-726528943,0
1-726530157,0
1-726532802,1
1-726532876,4
1-726533201,3
1-726537852,1
1-726546276,3
1-726546740,3
1-726552311,2
1-726554431,2
1-726576082,4
1-726614295,0
1-726625483,0
1-726625502,0
1-726637105,1
1-726667991,2
1-726668161,1
1-726695193,2
1-726696979,0
1-726712611,4
1-726729135,0
1-726747811,1
1-726754037,0
1-726769441,2
1-726777605,4
1-726777620,4
1-726797367,0
1-726829050,1
1-726834518,2
1-726844205,2
1-726889557,4
1-726893941,4
1-726893951,2
1-726894642,2
1-726894711,2
1-726894731,0
1-726896681,1
1-726907941,2
1-726908351,0
1-726908461,0
1-726908881,0
1-726913671,1
1-726921727,4
1-726923786,1
1-726936962,0
1-726943514,3
1-726974974,3
1-726977591,0
1-726993271,4
1-726994871,4
1-727013401,0
1-727021332,2
1-727029406,2
1-727049292,3
1-727074774,0
1-727104891,2
1-727108464,3
1-727113589,1
1-727123066,3
1-727152027,1
1-727155202,0
1-727165553,3
1-727176381,0
1-727217586,1
1-727224498,2
1-728176584,3
1-728181260,2
1-728186504,3
1-728186672,0
1-728236947,3
1-728245797,3
1-728256681,4
1-728261550,1
1-728261720,3
1-728268983,4
1-728269093,3
1-728288484,3
1-728290131,0
1-728290611,4
1-728292674,4
1-728308361,1
1-728309860,0
1-728318565,4
1-728326523,3
1-728338521,3
1-728338595,0
1-728372131,4
1-728375012,3
1-728380041,4
1-728380361,3
1-728380451,2
1-728380521,0
1-728401991,2
1-728402231,0
1-728408911,0
1-728409061,1
1-728412968,3
1-728418011,4
1-728423732,3
1-728429599,2
1-728429698,0
1-728449782,2
1-728463083,4
1-728466992,1
1-728471269,3
1-728476062,2
1-728479140,4
1-728479661,3
1-728480859,3
1-728515380,0
1-728515447,1
1-728516315,0
1-728516690,0
1-728549796,3
1-728558963,2
1-728564933,0
1-728565252,2
1-728567120,2
1-728567187,1
1-728567806,0
1-728574390,2
1-728595344,0
1-728604095,4
1-728604558,2
1-728609400,0
1-728617580,4
1-728627978,2
1-728628057,3
1-728641783,0
1-728700188,1
1-728722906,4
1-728728162,3
1-728737339,4
1-728749040,3
1-728749109,1
1-728768797,2
1-728774979,1
1-728827701,2
1-729074991,3
1-729075211,2
1-729080926,2
1-729082121,0
1-729082236,3
1-729082701,0
1-729082871,0
1-729083781,3
1-729097375,2
1-729244882,1
1-729249186,4
1-729256121,2
1-729256251,4
1-729256531,3
1-729256831,2
1-729256851,4
1-729256882,0
1-729275172,4
1-729275419,2
1-729278754,1
1-729312244,0
1-729312873,0
1-729315061,2
1-729315411,2
1-729315431,0
1-729317695,0
1-729337282,0
1-729345302,2
1-729347720,3
1-729349281,0
1-729349739,4
1-729351021,1
1-729351591,1
1-729351752,2
1-729351761,3
1-729356801,2
1-729358683,4
1-729358866,0
1-729360965,2
1-729363660,4
1-729371940,2
1-729381438,0
1-729406081,0
1-729406281,3
1-729406311,1
1-729406661,4
1-729407452,0
1-729413423,1
1-729423171,3
1-729423561,2
1-729424427,3
1-729424771,3
1-729440375,2
1-729441271,3
1-729441801,1
1-729447885,0
1-729454597,0
1-729455114,4
1-729455355,3
1-729456199,4
1-729462951,2
1-729463071,2
1-729463251,0
1-729463281,3
1-729463311,0
1-729463386,0
1-729463401,2
1-729463406,0
1-729463411,2
1-729463491,2
1-729463651,0
1-729463671,2
1-729463721,4
1-729463741,4
1-729463771,3
1-729463781,2
1-729463821,2
1-729463831,3
1-729463861,3
1-729468185,4
1-729473091,3
1-729473517,2
1-729482553,4
1-729495122,0
1-729497222,1
1-729510095,0
1-729510194,3
1-729512860,4
1-729513010,2
1-729519381,1
1-729519781,1
1-729523637,4
1-729527202,3
1-729536403,3
1-729556366,2
1-729564375,2
1-729564393,2
1-729580884,3
1-729585074,2
1-729586865,3
1-729593276,4
1-729598821,1
1-729610251,3
1-729615221,3
1-729616611,1
1-729639068,4
1-729642101,3
1-729642261,2
1-729642342,2
1-729650335,1
1-729654566,2
1-729659065,1
1-729659209,0
1-729659239,0
1-729660704,0
1-729681899,0
1-729683700,1
1-729692250,2
1-729696910,1
1-729696957,3
1-729697264,0
1-729697406,1
1-729697514,0
1-729701261,0
1-729703611,0
1-729707456,3
1-729710911,0
1-729722696,1
1-729724503,2
1-729724548,2
1-729732469,3
1-729735075,4
1-729737371,2
1-729748001,4
1-729748027,2
1-729748248,1
1-729751751,0
1-729753991,4
1-729765503,0
1-729769620,1
1-729769884,4
1-729770216,3
1-729771165,3
1-729775220,1
1-729775808,1
1-729781437,2
1-729781697,0
1-729783786,1
1-729794376,2
1-729799491,1
1-729802083,2
1-729802209,3
1-729802236,4
1-729806213,0
1-729809195,0
1-729809514,1
1-729814049,3
1-729820704,4
1-729820770,4
1-729823831,2
1-729825014,4
1-729826503,3
1-729830322,2
1-729843994,4
1-729844109,3
1-729857533,0
1-729866114,0
1-729870359,0
1-729890136,1
1-729893383,1
1-729896421,0
1-729905093,4
1-729905491,0
1-729910993,3
1-729913537,1
1-729913690,0
1-729955753,4
1-730005931,3
1-730018116,3
1-730030995,3
1-730035461,4
1-730040641,0
1-730040885,4
1-730042386,2
1-730054339,4
1-730065800,4
1-730067183,2
1-730067309,2
1-730068930,3
1-730069431,3
1-730069683,1
1-730071292,2
1-730071341,1
1-730071391,0
1-730071581,0
1-730071611,3
1-730071731,3
1-730071791,3
1-730071831,3
1-730077100,3
1-730080969,2
1-730081404,2
1-730081514,0
1-730081747,2
1-730082325,2
1-730084493,4
1-730110101,0
1-730126971,0
1-730126981,2
1-730127001,1
1-730127111,1
1-730127251,4
1-730127301,1
1-730127321,3
1-730127381,1
1-730129661,1
1-730130539,0
1-730177483,3
1-730188780,2
1-730497354,3
1-730497866,3
1-730502433,1
1-730509302,1
1-730509416,2
1-730509461,1
1-730509773,3
1-730515189,4
1-730515574,2
1-730520519,1
1-730522301,0
1-730528304,1
1-730529203,3
1-730533489,3
1-730540985,3
1-730550464,3
1-730550796,0
1-730561221,1
1-730561693,4
1-730589165,2
1-730589790,0
1-730604741,0
1-730607446,3
1-730607592,1
1-730620137,1
1-730624890,3
1-730628190,2
1-730640484,3
1-730641578,1
1-730644761,1
1-730655295,3
1-730655355,1
1-730655701,2
1-730661521,2
1-730661532,4
1-730661976,3
1-730662807,2
1-730664821,2
1-730683686,0
1-730683794,0
1-730687426,2
1-730692155,2
1-730692332,1
1-730692683,0
1-730693647,4
1-730694495,0
1-730697741,3
1-730698085,3
1-730698833,0
1-730700447,0
1-730736338,2
1-730737297,4
1-730757694,2
1-730760509,4
1-730760683,2
1-730760715,2
1-730768526,1
1-730772841,0
1-730780976,3
1-730784738,0
1-730788530,4
1-730795246,3
1-730802686,3
1-730811397,0
1-730811465,0
1-730812766,4
1-730829508,4
1-730833007,4
1-730833132,2
1-730835168,4
1-730835217,1
1-730858110,1
1-730872746,2
1-730884191,2
1-730887476,0
1-730901191,1
1-730901311,0
1-730901381,1
1-730901481,1
1-730901831,2
1-730901851,3
1-730901861,1
1-730901866,2
1-730901884,2
1-730919441,0
1-730919669,4
1-730952971,4
1-730954381,4
1-730957378,0
1-730957431,4
1-730957669,1
1-730959490,1
1-730960949,0
1-730968951,2
1-730969091,1
1-730969141,0
1-730969181,4
1-730969191,3
1-730969241,0
1-730969281,4
1-730969321,3
1-730969381,1
1-730969511,2
1-730969611,2
1-730969651,1
1-730969661,4
1-730969711,3
1-730969751,3
1-730969761,2
1-730969852,1
1-730975016,0
1-730975807,0
1-730992013,2
1-730992516,3
1-730997166,4
1-730997865,4
1-731025329,2
1-731050483,3
1-731050573,4
1-731064118,1
1-731064788,0
1-731064951,0
1-731065059,2
1-731065133,3
1-731065533,3
1-731069701,1
1-731073050,3
1-731088011,3
1-731088401,3
1-731094128,0
1-731094429,3
1-731094556,0
1-731100012,1
1-731100744,0
1-731102081,0
1-731102310,0
1-731113654,3
1-731117221,2
1-731123267,3
1-731134946,4
1-731135262,2
1-731142213,2
1-731142897,4
1-731147913,1
1-731151185,0
1-731154311,4
1-731154499,3
1-731154856,4
1-731157379,3
1-731157904,3
1-731170911,0
1-731177370,1
1-731182383,4
1-731182527,2
1-731188940,3
1-731208499,1
1-731218589,0
1-731228360,1
1-731233155,4
1-731235386,2
1-731235536,1
1-731241891,3
1-731266446,2
1-731269853,0
1-731273458,2
1-731276604,2
1-731276779,0
1-731278533,3
1-731330695,2
1-731333657,2
1-731333810,1
1-731334678,1
1-731336210,2
1-731341641,3
1-731342385,2
1-731382356,4
1-731382414,3
1-731439432,1
1-731439441,2
1-731439460,0
1-731764032,4
1-731764304,0
1-731766006,1
1-731779343,3
1-731779791,2
1-731780971,0
1-731792134,0
1-731802464,3
1-731802560,4
1-731809381,0
1-731814081,2
1-731814945,0
1-731815411,0
1-731816225,1
1-731818398,4
1-731818521,3
1-731829901,1
1-731829921,1
1-731829961,4
1-731830011,0
1-731830081,3
1-731830101,1
1-731830131,1
1-731830141,3
1-731830151,1
1-731830191,4
1-731830321,1
1-731830361,0
1-731830451,0
1-731830821,3
1-731830871,4
1-731831585,1
1-731840332,1
1-731840730,3
1-731849320,3
1-731853306,0
1-731853501,2
1-731861414,4
1-731868901,4
1-731868931,0
1-731868981,3
1-731869101,0
1-731869211,3
1-731869271,0
1-731869361,0
1-731869391,3
1-731869451,2
1-731869491,4
1-731869581,0
1-731869591,0
1-731869641,2
1-731869661,1
1-731869721,4
1-731869752,3
1-731871593,1
1-731879687,4
1-731886981,1
1-731887861,1
1-731888911,1
1-731890914,3
1-731896377,3
1-731896824,4
1-731897193,4
1-731913720,1
1-731923244,4
1-731925995,0
1-731926201,4
1-731937914,2
1-731945940,3
1-731950209,1
1-731965990,2
1-731966140,2
1-731966686,3
1-731967683,0
1-731970581,1
1-731970710,3
1-731984877,3
1-731991552,0
1-731996648,4
1-732011816,3
1-732011856,3
1-732013295,4
1-732017153,0
1-732018081,4
1-732018131,0
1-732022076,3
1-732024480,4
1-732024939,1
1-732025104,0
1-732025285,2
1-732026980,4
1-732027653,3
1-732030161,1
1-732030201,1
1-732030211,4
1-732030331,2
1-732030831,0
1-732061548,0
1-732061858,2
1-732062676,0
1-732067929,4
1-732068791,1
1-732073496,3
1-732081952,4
1-732088178,4
1-732095030,3
1-732095248,0
1-732098363,4
1-732099191,4
1-732110977,1
1-732111330,0
1-732115634,3
1-732121564,4
1-732124409,0
1-732137688,2
1-732139419,0
1-732143130,4
1-732145234,1
1-732157096,4
1-732161757,2
1-732163361,0
1-732171009,1
1-732173481,1
1-732173541,2
1-732174599,2
1-732177911,0
1-732179211,4
1-732179268,3
1-732179287,2
1-732185768,3
1-732193663,4
1-732196939,2
1-732199958,4
1-732201078,2
1-732202373,0
1-732202511,0
1-732203933,4
1-732205269,0
1-732211941,2
1-732211961,2
1-732212091,1
1-732212111,4
1-732212211,0
1-732212231,0
1-732212241,0
1-732212251,4
1-732212261,2
1-732212661,3
1-732212691,3
1-732212731,3
1-732212791,1
1-732212891,4
1-732218598,1
1-732218663,4
1-732219471,0
1-732223113,4
1-732224539,4
1-732226133,1
1-732228413,0
1-732229387,4
1-732229669,4
1-732229853,2
1-732240803,3
1-732247638,2
1-732251191,4
1-732251858,3
1-732254715,1
1-732259171,1
1-732259271,2
1-732259291,2
1-732259341,0
1-732259491,1
1-732259521,1
1-732261051,0
1-732261291,4
1-732261411,4
1-732261521,4
1-732261561,2
1-732261891,3
1-732279953,4
1-732282433,1
1-732289131,4
1-732289335,2
1-732289939,4
1-732296918,2
1-732297422,0
1-732297766,4
1-732297859,1
1-732297896,0
1-732309611,1
1-732316871,2
1-732325815,1
1-732332311,4
1-732335159,2
1-732335513,3
1-732348420,0
1-732357562,1
1-732359781,3
1-732361418,2
1-732361737,1
1-732378982,0
1-732385994,3
1-732391464,2
1-732394151,4
1-732419012,1
1-732424301,2
1-732425275,2
1-732439433,2
1-732439530,1
1-732447930,0
1-732451728,0
1-732451794,3
1-732455631,2
1-732463205,0
1-732469360,0
1-732469478,1
1-732473167,3
1-732525291,2
1-732526526,0
1-732851321,2
1-732852191,3
1-732855871,0
1-732862874,4
1-732863332,4
1-732867372,1
1-732869294,1
1-732869889,3
1-732875748,0
1-732877003,1
1-732883071,1
1-732884421,0
1-732885906,1
1-732886198,0
1-732886222,3
1-732886890,3
1-732892174,3
1-732892273,1
1-732892779,1
1-732893406,3
1-732895470,1
1-732895541,4
1-732899659,3
1-732899879,0
1-732904675,2
1-732909375,0
1-732909606,2
1-732923380,2
1-732933421,1
1-732936005,4
1-732942420,4
1-732942791,0
1-732943705,3
1-732949234,4
1-732949351,4
1-732958303,2
1-732960195,0
1-732967688,1
1-732970482,1
1-732970505,0
1-732970553,4
1-732972251,4
1-732984553,0
1-732987137,0
1-733001687,4
1-733009526,4
1-733022791,0
1-733033210,4
1-733037955,2
1-733055291,4
1-733062601,0
1-733072511,1
1-733073241,3
1-733073251,4
1-733073371,3
1-733073481,0
1-733073501,2
1-733073541,0
1-733073641,0
1-733073791,2
1-733075475,1
1-733075652,1
1-733075863,1
1-733076472,4
1-733076551,2
1-733076651,0
1-733076791,3
1-733076851,0
1-733076861,3
1-733076871,2
1-733078021,3
1-733078101,4
1-733081574,1
1-733082240,4
1-733083240,1
1-733083929,2
1-733084555,4
1-733084819,3
1-733096851,4
1-733111867,0
1-733115300,4
1-733115976,3
1-733120018,0
1-733120074,1
1-733123088,4
1-733131099,3
1-733135051,2
1-733135172,3
1-733141096,2
1-733158183,0
1-733158397,1
1-733161095,4
1-733161610,4
1-733164001,0
1-733174377,2
1-733177423,1
1-733178699,4
1-733196361,4
1-733198236,0
1-733199874,1
1-733199887,4
1-733202134,0
1-733207651,2
1-733208951,1
1-733209061,2
1-733209121,3
1-733209141,1
1-733209231,4
1-733209291,0
1-733209301,1
1-733209371,0
1-733209431,3
1-733209481,3
1-733209501,0
1-733209551,2
1-733209761,0
1-733209881,0
1-733211401,2
1-733240253,2
1-733240337,2
1-733240459,3
1-733240668,1
1-733242265,3
1-733242301,1
1-733242367,3
1-733244079,2
1-733244535,1
1-733249884,4
1-733250511,2
1-733251971,1
1-733252138,0
1-733252212,1
1-733252314,4
1-733252403,3
1-733254575,3
1-733265984,4
1-733266204,4
1-733266236,3
1-733271357,4
1-733272407,0
1-733272495,1
1-733279756,4
1-733286591,4
1-733290992,2
1-733293251,4
1-733301711,1
1-733302363,3
1-733302878,2
1-733302992,1
1-733318093,0
1-733319481,3
1-733325188,3
1-733336652,3
1-733337683,4
1-733338481,4
1-733338744,2
1-733341857,0
1-733345605,0
1-733348356,1
1-733348462,3
1-733348917,4
1-733348922,3
1-733350311,2
1-733350721,0
1-733357099,2
1-733360125,2
1-733360682,2
1-733362771,1
1-733364740,1
1-733368557,4
1-733368900,4
1-733372160,0
1-733372382,1
1-733381485,0
1-733389423,1
1-733393162,4
1-733405424,3
1-733408351,0
1-733413965,4
1-733414248,4
1-733418076,1
1-733420258,0
1-733424129,0
1-733442303,0
1-733443560,4
1-733449199,3
1-733449471,3
1-733456610,2
1-733469984,4
1-733471771,3
1-733471834,3
1-733474451,1
1-733478032,1
1-733478789,2
1-733482215,2
1-733482558,3
1-733485051,4
1-733485346,2
1-733498926,4
1-733511386,2
1-733527715,0
1-733527806,0
1-733536755,3
1-733539596,4
1-733547550,4
1-733549283,1
1-733552642,3
1-733556566,3
1-733556791,3
1-733561308,4
1-733561499,0
1-733561635,0
1-733561927,3
1-733561941,4
1-733563537,4
1-733565953,1
1-733566832,0
1-733613370,0
1-733614122,4
1-733648964,2
1-733649307,0
1-734030508,1
1-734658425,3
1-734659103,3
1-734659114,4
1-734659175,4
1-734664925,1
1-734665561,4
1-734666685,0
1-734666802,0
1-734668082,0
1-734668261,3
1-734671867,0
1-734672911,3
1-734672931,0
1-734673191,3
1-734673221,1
1-734673251,4
1-734673331,3
1-734673351,1
1-734673391,1
1-734673421,1
1-734673431,3
1-734673451,0
1-734673481,4
1-734673532,1
1-734673561,2
1-734673591,4
1-734673821,3
1-734676637,3
1-734678001,4
1-734678351,0
1-734680961,3
1-734681311,4
1-734682252,1
1-734682341,3
1-734688312,2
1-734688751,3
1-734691225,0
1-734693728,1
1-734697082,0
1-734697476,4
1-734701966,0
1-734702136,3
1-734705951,4
1-734706293,0
1-734706379,4
1-734706495,3
1-734710056,0
1-734710118,2
1-734712541,3
1-734712837,2
1-734721812,2
1-734722000,0
1-734722370,4
1-734723881,3
1-734725890,0
1-734732031,0
1-734732196,2
1-734733981,1
1-734734063,4
1-734734357,1
1-734734749,0
1-734734751,3
1-734735344,3
1-734744358,1
1-734750143,1
1-734750582,2
1-734751876,3
1-734753125,0
1-734756057,1
1-734765792,0
1-734766481,2
1-734770187,3
1-734775455,1
1-734775492,4
1-734776701,0
1-734778898,2
1-734790225,1
1-734790231,1
1-734790466,2
1-734792384,0
1-734792611,0
1-734792765,2
1-734795962,1
1-734796269,4
1-734796430,4
1-734796496,2
1-734796699,0
1-734796707,2
1-734796736,2
1-734796835,1
1-734796892,3
1-734799380,1
1-734799720,1
1-734801676,4
1-734802189,2
1-734802399,0
1-734802554,2
1-734805308,4
1-734805695,0
1-734805854,2
1-734805950,4
1-734805965,2
1-734806283,4
1-734806457,2
1-734806484,3
1-734807244,4
1-734807317,0
1-734807750,0
1-734807792,3
1-734811377,1
1-734811981,0
1-734812011,3
1-734812081,2
1-734812111,0
1-734812121,4
1-734812131,4
1-734812231,1
1-734812351,1
1-734812361,0
1-734812391,0
1-734812441,3
1-734812451,3
1-734812471,3
1-734812571,1
1-734812591,2
1-734812621,3
1-734812751,1
1-734812811,0
1-734812831,2
1-734812881,3
1-734812891,4
1-734815385,3
1-734826334,0
1-734836356,3
1-734838388,1
1-734842204,0
1-734842516,0
1-734842588,3
1-734846994,3
1-734847613,3
1-734847634,1
1-734847663,4
1-734847833,3
1-734848931,2
1-734849391,4
1-734849461,2
1-734849621,2
1-734849721,4
1-734849791,0
1-734862971,2
1-734863171,0
1-734863265,3
1-734867951,4
1-734867990,0
1-734868961,4
1-734870053,1
1-734870379,3
1-734873980,3
1-734879331,0
1-734879581,4
1-734883036,4
1-734894086,0
1-734894104,4
1-734894572,3
1-734894748,1
1-734895721,3
1-734902541,1
1-734902909,1
1-734903069,3
1-734903261,4
1-734904368,1
1-734904561,1
1-734908221,1
1-734908327,1
1-734908392,4
1-734910992,0
1-734911386,3
1-734911670,1
1-734911690,3
1-734911719,2
1-734911770,0
1-734915939,0
1-734916461,3
1-734916681,0
1-734916721,4
1-734916886,3
1-734922854,3
1-734922986,3
1-734923398,4
1-734926010,2
1-734930461,0
1-734931154,0
1-734940237,3
1-734941798,1
1-734954390,0
1-734954755,3
1-734955311,3
1-734955675,3
1-734961624,0
1-734964829,4
1-734966754,0
1-734968198,1
1-734968410,3
1-734968511,0
1-734968581,3
1-734968637,3
1-734968773,1
1-734969777,3
1-734969939,1
1-734971186,1
1-734973156,0
1-734973304,4
1-734973777,3
1-734979224,3
1-734979301,1
1-734984362,1
1-734985477,0
1-734987071,2
1-734994398,0
1-734994401,0
1-734995151,3
1-735000101,1
1-735000225,3
1-735006276,0
1-735006290,3
1-735010686,0
1-735010701,2
1-735013174,4
1-735013701,4
1-735013888,1
1-735015156,2
1-735015171,4
1-735015899,3
1-735025653,3
1-735029367,4
1-735029711,1
1-735029972,4
1-735030751,2
1-735030780,3
1-735037637,3
1-735037660,0
1-735037874,4
1-735039301,2
1-735040184,3
1-735045971,4
1-735046533,1
1-735053067,4
1-735058984,1
1-735063324,4
1-735063522,3
1-735064179,3
1-735064620,0
1-735066131,3
1-735066539,1
1-735069481,4
1-735071006,4
1-735071172,0
1-735071603,0
1-735071961,2
1-735072598,1
1-735073011,4
1-735076931,4
1-735077126,1
1-735077411,0
1-735077470,0
1-735077492,2
1-735077804,0
1-735077889,0
1-735077961,4
1-735078041,2
1-735078091,1
1-735078291,2
1-735078433,3
1-735078481,3
1-735078531,2
1-735078551,0
1-735078581,4
1-735078641,1
1-735078711,4
1-735082484,2
1-735083647,3
1-735084802,0
1-735086187,0
1-735086266,2
1-735086920,3
1-735087312,0
1-735087406,2
1-735087438,4
1-735087704,1
1-735088988,2
1-735089153,4
1-735089696,1
1-735093723,0
1-735093880,2
1-735101563,3
1-735101862,4
1-735104477,2
1-735104663,0
1-735104703,4
1-735104855,0
1-735112291,4
1-735117242,0
1-735117256,1
1-735117603,1
1-735119457,2
1-735123821,3
1-735126180,0
1-735126898,0
1-735128441,3
1-735129927,2
1-735133142,1
1-735133407,4
1-735133580,0
1-735136971,0
1-735137073,3
1-735145409,3
1-735145461,0
1-735145804,3
1-735147842,1
1-735162254,0
1-735162430,2
1-735164265,0
1-735167951,1
1-735167961,3
1-735168001,3
1-735168161,1
1-735168231,0
1-735168341,0
1-735168351,0
1-735168371,1
1-735168571,1
1-735168591,1
1-735168641,4
1-735168701,4
1-735168711,0
1-735168771,4
1-735168831,3
1-735170395,4
1-735170801,4
1-735171464,4
1-735171475,3
1-735171573,4
1-735173406,3
1-735176830,4
1-735177718,2
1-735177737,2
1-735177767,2
1-735177798,3
1-735177829,4
1-735180913,2
1-735180983,0
1-735181447,1
1-735181620,1
1-735181678,0
1-735181724,2
1-735181741,3
1-735181822,3
1-735182303,1
1-735184231,2
1-735188058,1
1-735189320,0
1-735189521,3
1-735194105,0
1-735194386,0
1-735203157,4
1-735224038,1
1-735224085,3
1-735226302,3
1-735231580,3
1-735231781,1
1-735237150,3
1-735262281,1
1-735262468,3
1-735262744,4
1-735262773,1
1-735266029,2
1-735267733,4
1-735315389,2
1-735315426,4
1-735318750,4
1-735318871,2
1-735877791,4
1-735877837,4
1-735881168,3
1-735881257,0
1-735881383,1
1-735882481,0
1-735894939,4
1-735894967,3
1-735895007,4
1-735895054,3
1-735896953,2
1-735897079,3
1-735897176,3
1-735897883,0
1-735909135,2
1-735916798,2
1-735917961,2
1-735918111,2
1-735918121,0
1-735918241,1
1-735918251,2
1-735918271,0
1-735918281,4
1-735918311,1
1-735918512,0
1-735918621,0
1-735918631,0
1-735918741,3
1-735918771,3
1-735918801,0
1-735918842,3
1-735918851,3
1-735930604,4
1-735930868,3
1-735931819,4
1-735931831,3
1-735996831,0
1-735996872,4
1-736285839,2
1-736285917,3
1-736286546,2
1-736289931,4
1-736290060,2
1-736298288,2
1-736304161,3
1-736308281,0
1-736308801,4
1-736319032,4
1-736319671,3
1-736319805,3
1-736320198,3
1-736320529,0
1-736346269,2
1-736346321,4
1-736346711,3
1-736346729,1
1-736346791,4
1-736349585,1
1-736349598,4
1-736351431,1
1-736353195,2
1-736369244,2
1-736369451,1
1-736369947,0
1-736370015,0
1-736374128,1
1-736374396,2
1-736374601,2
1-736374689,3
1-736379048,4
1-736379984,3
1-736380358,2
1-736381993,0
1-736382563,0
1-736384598,4
1-736384831,3
1-736384921,2
1-736391598,2
1-736391805,2
1-736393906,0
1-736395019,0
1-736396055,2
1-736396122,4
1-736399475,4
1-736401071,4
1-736403381,1
1-736403573,1
1-736403645,4
1-736403778,2
1-736412923,2
1-736413598,4
1-736413602,3
1-736433201,1
1-736433217,1
1-736433375,2
1-736433692,0
1-736440431,1
1-736440526,3
1-736440596,0
1-736444712,4
1-736445070,1
1-736445691,0
1-736447903,3
1-736453547,4
1-736460590,3
1-736464674,3
1-736465953,1
1-736466076,3
1-736468118,1
1-736468784,0
1-736474965,0
1-736475571,1
1-736478979,2
1-736478998,4
1-736484525,2
1-736488248,4
1-736488545,2
1-736488559,4
1-736491238,3
1-736496737,3
1-736499051,2
1-736499071,4
1-736499081,2
1-736499091,4
1-736499191,3
1-736499271,0
1-736499291,1
1-736499351,0
1-736499661,2
1-736499691,0
1-736500136,0
1-736500455,3
1-736500677,1
1-736502399,4
1-736502789,2
1-736503159,2
1-736503218,3
1-736503759,4
1-736504398,3
1-736504461,2
1-736506067,2
1-736506257,3
1-736506261,0
1-736507009,1
1-736507421,2
1-736507449,0
1-736507520,2
1-736517053,3
1-736517752,0
1-736519419,2
1-736525391,0
1-736525440,0
1-736528890,2
1-736534836,0
1-736536174,2
1-736536234,4
1-736536471,1
1-736536834,0
1-736541192,4
1-736541294,4
1-736541381,1
1-736541581,1
1-736544364,4
1-736544975,0
1-736547357,0
1-736547971,4
1-736548243,3
1-736549060,1
1-736549174,1
1-736549233,4
1-736552272,1
1-736558216,2
1-736558541,0
1-736560221,4
1-736560336,4
1-736560635,4
1-736561525,2
1-736561851,3
1-736561885,2
1-736562142,0
1-736567223,1
1-736567811,1
1-736568631,1
1-736570196,1
1-736577384,4
1-736584141,2
1-736584672,4
1-736587801,3
1-736590341,0
1-736593529,0
1-736593793,2
1-736593831,1
1-736593880,3
1-736594108,3
1-736595139,4
1-736595197,1
1-736595605,3
1-736598835,4
1-736598875,3
1-736598916,4
1-736599009,0
1-736602025,0
1-736602136,1
1-736602144,0
1-736602185,0
1-736602248,4
1-736602448,3
1-736606770,4
1-736609218,2
1-736610908,3
1-736611005,1
1-736611139,2
1-736611175,1
1-736611829,0
1-736611878,3
1-736615338,1
1-736615794,0
1-736621227,0
1-736621296,4
1-736622868,1
1-736628091,4
1-736628139,1
1-736628141,3
1-736628871,0
1-736629596,3
1-736633842,2
1-736633861,1
1-736633879,2
1-736635521,1
1-736640460,3
1-736640564,2
1-736640600,3
1-736641065,0
1-736641250,3
1-736643966,1
1-736645764,0
1-736646274,3
1-736646937,1
1-736649178,3
1-736649264,1
1-736649612,2
1-736651898,1
1-736658394,0
1-736658581,3
1-736658606,0
1-736658611,1
1-736665050,2
1-736665800,4
1-736667581,0
1-736667947,4
1-736668641,1
1-736669131,2
1-736669150,2
1-736673112,1
1-736673281,4
1-736673356,0
1-736673532,4
1-736673911,4
1-736674001,0
1-736674041,1
1-736674091,1
1-736674151,2
1-736674162,1
1-736674181,1
1-736674221,0
1-736674251,0
1-736674321,0
1-736674351,4
1-736674371,4
1-736674381,3
1-736674391,0
1-736674421,1
1-736674491,1
1-736674501,2
1-736674511,4
1-736674516,0
1-736674591,0
1-736674641,4
1-736674661,3
1-736674681,0
1-736674731,3
1-736674741,3
1-736674751,1
1-736674761,3
1-736674791,4
1-736674811,0
1-736674841,0
1-736674861,0
1-736676085,0
1-736676173,1
1-736676599,3
1-736681141,1
1-736681336,4
1-736681845,3
1-736684347,4
1-736685322,4
1-736685339,0
1-736685369,0
1-736685723,4
1-736687529,4
1-736688124,1
1-736688222,3
1-736688416,1
1-736688781,2
1-736688851,2
1-736690181,0
1-736690605,3
1-736693302,4
1-736696073,3
1-736696291,1
1-736696301,1
1-736699903,0
1-736700628,4
1-736700716,3
1-736700782,4
1-736700820,1
1-736700836,2
1-736700852,3
1-736700966,4
1-736701201,1
1-736701427,1
1-736701710,3
1-736701726,0
1-736701740,1
1-736704849,4
1-736704900,0
1-736705406,0
1-736707954,3
1-736707986,1
1-736708648,2
1-736708670,0
1-736708691,1
1-736708715,0
1-736708926,2
1-736709113,3
1-736709151,3
1-736709170,3
1-736709298,0
1-736709433,1
1-736717361,1
1-736717378,1
1-736717412,3
1-736717829,0
1-736718054,0
1-736718548,1
1-736719999,1
1-736720019,1
1-736720411,4
1-736720429,0
1-736720459,3
1-736720489,0
1-736720519,2
1-736720549,2
1-736720567,4
1-736720598,2
1-736720628,3
1-736720658,3
1-736720688,1
1-736720718,3
1-736722133,0
1-736722204,3
1-736722622,4
1-736725501,1
1-736725878,1
1-736726039,3
1-736726143,2
1-736726506,1
1-736726511,4
1-736726561,3
1-736726607,0
1-736726624,4
1-736726674,3
1-736726701,3
1-736726720,2
1-736726776,0
1-736726861,1
1-736726945,2
1-736727128,4
1-736727305,3
1-736727351,0
1-736727363,2
1-736727386,0
1-736727467,2
1-736727538,1
1-736727550,2
1-736727562,1
1-736727574,3
1-736727608,0
1-736727723,3
1-736727792,2
1-736769171,1
1-736771013,0
1-736771047,4
1-736771094,1
1-736771147,2
1-736771164,3
1-736771176,1
1-736771304,1
1-736771321,2
1-736771431,1
1-736771448,2
1-736771694,2
1-736772060,3
1-736772341,2
1-736772609,2
1-736772621,4
1-736772671,4
1-736772729,4
1-736772745,0
1-736773011,0
1-736773080,0
1-736773092,1
1-736773216,1
1-736773340,1
1-736773444,3
1-736773501,2
1-736773548,0
1-736773721,1
1-736773732,1
1-736773744,1
1-736773836,0
1-736773847,4
1-737307651,1
1-737307671,2
1-737308943,1
1-737309015,4
1-737309210,3
1-737309288,4
1-737309366,3
1-737309400,0
1-737309490,4
1-737309611,3
1-737309706,2
1-737309768,0
1-737309881,2
1-737309970,0
1-737310005,0
1-737310100,1
1-737310123,2
1-737310135,2
1-737310146,0
1-737310284,1
1-737310306,0
1-737310408,4
1-737310431,4
1-737310443,2
1-737310533,1
1-737310568,3
1-737310659,4
1-737310671,3
1-737310761,4
1-737310796,3
1-737312961,2
1-737313112,2
1-737313492,4
1-737313674,2
1-737313765,1
1-737314763,4
1-737320974,4
1-737321059,1
1-737321146,2
1-737321171,4
1-737321297,3
1-737322461,1
1-737322701,3
1-737322740,4
1-737324936,0
1-737325535,4
1-737325626,2
1-737325704,1
1-737325728,1
1-737325748,1
1-737325771,4
1-737325828,3
1-737325862,1
1-737327349,0
1-737328585,4
1-737328743,0
1-737328948,4
1-737329733,1
1-737329817,0
1-737329865,3
1-737332116,3
1-737332136,1
1-737332275,3
1-737332328,3
1-737332421,1
1-737332540,4
1-737333278,1
1-737333490,1
1-737333497,2
1-737333585,4
1-737333661,2
1-737333735,1
1-737333801,0
1-737333811,1
1-737333851,3
1-737333888,2
1-737334634,0
1-737336261,0
1-737336461,0
1-737336494,1
1-737336519,2
1-737336647,0
1-737336773,1
1-737336823,2
1-737337973,3
1-737338031,1
1-737338048,2
1-737338092,0
1-737338118,0
1-737338219,3
1-737338361,0
1-737338372,4
1-737338397,3
1-737338414,3
1-737338726,3
1-737340955,2
1-737343221,0
1-737343431,0
1-737343470,2
1-737344433,1
1-737344518,4
1-737344545,2
1-737344589,2
1-737345032,2
1-737345159,3
1-737345168,3
1-737345178,0
1-737345189,4
1-737345200,3
1-737345338,0
1-737345500,0
1-737345522,1
1-737345531,4
1-737345657,4
1-737346058,3
1-737346077,3
1-737346121,0
1-737346151,2
1-737346265,3
1-737346282,2
1-737346346,4
1-737346409,1
1-737346491,4
1-737346525,2
1-737346628,1
1-737346684,1
1-737346787,0
1-737346875,1
1-737349543,4
1-737349941,2
1-737349994,4
1-737350346,1
1-737350492,4
1-737350613,4
1-737350653,2
1-737351901,1
1-737352031,1
1-737352098,2
1-737352342,1
1-737352513,4
1-737352581,0
1-737352798,2
1-737352825,4
1-737353965,1
1-737354015,3
1-737354174,0
1-737354231,3
1-737354325,3
1-737354352,4
1-737354703,4
1-737354735,1
1-737355932,0
1-737356021,3
1-737356151,2
1-737356205,4
1-737356218,2
1-737356353,2
1-737356371,0
1-737356406,4
1-737356417,2
1-737356491,0
1-737356801,2
1-737356826,2
1-737356862,3
1-737356888,2
1-737356901,2
1-737356951,4
1-737357037,0
1-737357164,3
1-737357234,2
1-737357241,3
1-737357281,1
1-737357313,2
1-737357355,3
1-737357381,1
1-737357433,3
1-737357480,1
1-737357517,2
1-737357723,0
1-737357973,0
1-737358173,1
1-737358239,2
1-737358255,4
1-737358270,2
1-737358292,4
1-737358415,2
1-737358591,1
1-737358628,0
1-737358636,1
1-737358668,0
1-737358716,1
1-737358802,0
1-737358867,0
1-737362708,4
1-737362805,4
1-737362863,3
1-737362880,1
1-737362903,0
1-737362993,2
1-737363021,3
1-737363086,0
1-737363112,4
1-737363131,4
1-737363211,2
1-737363255,0
1-737363281,3
1-737363375,2
1-737363788,0
1-737366051,2
1-737366115,3
1-737366981,0
1-737367003,4
1-737367061,3
1-737367073,1
1-737367162,0
1-737367369,2
1-737367809,1
1-737369009,4
1-737369081,2
1-737369385,1
1-737369441,4
1-737369560,1
1-737369745,3
1-737369759,4
1-737369943,0
1-737370099,1
1-737370121,4
1-737370197,2
1-737370205,2
1-737370531,2
1-737370616,2
1-737370789,1
1-737370895,4
1-737370961,3
1-737370993,3
1-737371021,0
1-737371071,0
1-737371228,1
1-737371235,1
1-737371245,1
1-737372051,1
1-737372105,2
1-737372793,0
1-737373550,1
1-737373821,4
1-737374965,0
1-737375001,0
1-737375055,4
1-737375093,0
1-737375185,0
1-737375232,0
1-737375310,2
1-737375452,1
1-737375500,2
1-737378014,2
1-737378070,3
1-737378718,4
1-737378789,2
1-737378794,3
1-737378916,3
1-737378924,2
1-737378939,1
1-737378992,3
1-737379081,3
1-737379124,4
1-737379287,2
1-737379308,3
1-737379413,4
1-737379459,1
1-737379521,1
1-737379631,4
1-737379665,1
1-737379684,2
1-737379713,0
1-737379744,3
1-737379911,2
1-737379931,0
1-737379961,3
1-737379981,0
1-737380041,3
1-737380051,2
1-737380081,4
1-737380122,0
1-737380131,1
1-737380151,2
1-737380171,2
1-737380211,1
1-737380231,1
1-737380241,4
1-737380261,0
1-737380311,1
1-737380421,4
1-737380431,1
1-737380481,1
1-737380491,1
1-737380531,2
1-737380551,4
1-737380561,4
1-737380591,2
1-737380711,2
1-737380741,3
1-737380791,1
1-737380876,3
1-737380955,0
1-737380965,0
1-737380978,2
1-737381168,1
1-737381224,2
1-737381323,2
1-737381379,4
1-737381411,1
1-737383931,3
1-737383962,2
1-737384056,4
1-737384185,3
1-737384312,1
1-737384431,0
1-737384458,0
1-737384512,1
1-737384546,3
1-737384583,1
1-737385121,1
1-737385150,4
1-737385451,2
1-737385490,3
1-737385691,3
1-737385815,1
1-737390026,0
1-737390124,4
1-737390433,3
1-737390537,2
1-737390628,4
1-737390673,3
1-737390796,3
1-737390851,1
1-737391938,2
1-737392312,1
1-737392571,0
1-737392604,2
1-737392642,1
1-737392781,1
1-737392833,3
1-737392861,1
1-737392878,0
1-737393064,2
1-737393224,1
1-737393285,2
1-737393322,1
1-737393337,1
1-737393399,4
1-737393455,2
1-737393684,0
1-737393829,3
1-737393959,0
1-737394052,2
1-737394100,2
1-737394237,1
1-737394262,0
1-737394271,4
1-737394555,4
1-737394729,4
1-737397468,2
1-737397645,2
1-737397678,4
1-737397715,0
1-737397968,3
1-737398038,0
1-737398331,0
1-737400919,4
1-737400987,3
1-737401348,0
1-737401602,1
1-737405175,2
1-737405220,0
1-737405232,3
1-737405380,1
1-737405425,4
1-737405436,1
1-737405484,2
1-737405529,0
1-737406009,3
1-737406075,4
1-737406119,1
1-737406217,4
1-737406631,2
1-737406681,0
1-737406804,4
1-737406827,1
1-737406980,4
1-737407064,0
1-737407112,3
1-737407432,1
1-737410701,2
1-737410768,4
1-737410973,4
1-737411791,1
1-737411804,2
1-737411821,0
1-737411861,3
1-737413954,2
1-737413975,1
1-737414064,4
1-737414124,4
1-737414139,1
1-737414501,0
1-737414611,2
1-737414629,3
1-737420251,2
1-737421238,1
1-737421303,0
1-737421653,4
1-737421721,1
1-737421911,0
1-737422271,2
1-737422282,4
1-737422294,0
1-737422306,1
1-737422318,2
1-737422330,2
1-737422341,3
1-737422353,3
1-737422400,0
1-737422447,4
1-737422470,1
1-737422481,4
1-737422559,2
1-737422583,3
1-737422607,0
1-737422629,2
1-737422662,0
1-737422696,4
1-737422718,3
1-737422740,4
1-737422751,4
1-737422774,0
1-737422808,2
1-737422819,3
1-737422898,3
1-737425019,3
1-737425034,1
1-737425061,4
1-737425122,2
1-737425231,1
1-737425713,0
1-737425721,1
1-737425758,2
1-737460077,1
1-737460186,0
1-737460240,2
1-737460260,1
1-737460300,4
1-737460373,3
1-737460391,2
1-737460436,4
1-737460454,0
1-737460481,2
1-737460727,0
1-737460731,1
1-737460749,3
1-737460767,1
1-737460825,1
1-737461013,2
1-737461154,3
1-737461181,4
1-737461285,2
1-737461417,2
1-737461433,4
1-737461668,1
1-737461703,3
1-737461747,3
1-737461887,0
1-737461955,4
1-737462301,1
1-737462313,1
1-737462429,4
1-737462440,2
1-737462500,3
1-737462627,4
1-737462837,3
1-737463991,1
1-737464026,1
1-737464075,4
1-737464121,2
1-737464558,0
1-737464591,1
1-737464711,1
1-737464766,4
1-738144182,3
1-738144221,4
1-738144305,0
1-738144401,1
1-738144468,1
1-738144561,4
1-738144681,3
1-738144751,0
1-738145903,1
1-738145940,2
1-738145941,0
1-738145960,4
1-738146007,3
1-738146155,2
1-738146201,0
1-738146219,3
1-738146249,4
1-738146321,4
1-738146352,0
1-738146430,4
1-738146459,3
1-738146517,4
1-738146539,2
1-738146571,4
1-738146601,1
1-738146751,0
1-738146770,3
1-738146911,2
1-738146991,1
1-738147151,0
1-738147262,3
1-738147271,4
1-738147414,1
1-738148003,2
1-738148163,0
1-738148271,3
1-738148291,4
1-738148308,1
1-738148832,4
1-738149109,2
1-738149111,2
1-738149182,2
1-738149231,2
1-738149241,1
1-738149268,1
1-738149466,3
1-738149596,4
1-738149711,0
1-738149767,3
1-738149917,3
1-738149941,0
1-738150125,3
1-738150136,4
1-738150263,1
1-738150285,2
1-738150318,4
1-738150329,2
1-738150471,4
1-738150482,2
1-738150529,0
1-738150611,4
1-738150646,4
1-738150716,0
1-738150892,0
1-738151913,4
1-738151944,3
1-738152084,4
1-738153171,0
1-738153300,1
1-738153345,2
1-738153421,3
1-738153473,4
1-738153659,3
1-738153732,1
1-738153815,1
1-738154923,4
1-738154971,4
1-738154981,4
1-738155009,4
1-738155134,1
1-738155192,4
1-738155318,0
1-738155344,1
1-738155391,2
1-738155674,4
1-738155853,4
1-738155863,3
1-738156022,2
1-738156121,1
1-738156181,4
1-738156214,2
1-738156251,0
1-738156263,3
1-738156273,2
1-738156462,2
1-738156552,4
1-738156752,2
1-738156778,0
1-738156937,2
1-738156956,0
1-738157101,2
1-738157275,4
1-738157291,2
1-738157396,1
1-738157446,0
1-738157747,2
1-738157834,2
1-738157901,3
1-738157925,3
1-738157938,4
1-738157999,4
1-738158129,2
1-738161973,0
1-738162028,3
1-738162073,2
1-738162101,2
1-738162118,1
1-738162150,3
1-738162172,4
1-738162209,1
1-738162310,1
1-738162461,0
1-738162558,3
1-738162699,4
1-738162756,4
1-738162803,4
1-738162969,4
1-738163053,0
1-738163074,2
1-738163099,1
1-738163127,2
1-738163145,4
1-738163259,0
1-738163385,1
1-738163420,1
1-738163451,0
1-738163471,1
1-738163587,0
1-738163862,0
1-738163892,1
1-738165006,4
1-738165149,3
1-738165181,0
1-738165279,2
1-738165770,1
1-738165808,0
1-738165888,1
1-738166908,1
1-738166922,2
1-738167039,0
1-738167133,4
1-738167144,3
1-738167238,2
1-738167341,4
1-738167409,2
1-738167475,0
1-738167938,2
1-738167982,1
1-738168011,1
1-738168038,4
1-738168201,2
1-738168238,4
1-738168248,1
1-738168482,1
1-738168816,1
1-738168878,3
1-738177292,2
1-738177301,2
1-738177380,1
1-738177411,1
1-738177479,0
1-738177601,3
1-738177789,2
1-738177817,0
1-738182658,1
1-738183141,3
1-738183625,2
1-738183837,0
1-738187963,3
1-738188019,1
1-738188156,3
1-738188182,0
1-738188290,4
1-738188295,4
1-738188579,0
1-738188612,2
1-738188635,2
1-738188675,0
1-738188705,0
1-738188867,2
1-738188890,2
1-738188979,0
1-738189060,3
1-738189425,0
1-738189512,1
1-738189611,2
1-738189761,1
1-738189892,4
1-738189961,0
1-738190091,1
1-738190131,2
1-738190181,2
1-738190261,0
1-738190361,0
1-738190381,2
1-738190473,1
1-738190531,2
1-738190601,2
1-738190621,2
1-738190671,4
1-738190701,3
1-738190721,2
1-738193198,4
1-738194008,3
1-738194051,1
1-738194126,0
1-738194155,1
1-738194191,3
1-738194345,4
1-738194668,2
1-738194676,1
1-738194745,4
1-738196916,3
1-738196951,0
1-738197008,3
1-738197348,0
1-738197394,3
1-738197405,3
1-738197417,1
1-738197497,2
1-738197819,3
1-738197898,0
1-738199908,2
1-738199964,1
1-738200005,0
1-738200128,1
1-738200953,2
1-738200987,2
1-738201171,1
1-738201184,3
1-738201205,2
1-738201299,1
1-738201343,3
1-738201417,2
1-738201451,0
1-738201468,1
1-738201516,2
1-738201631,1
1-738201641,1
1-738201705,4
1-738201883,3
1-738201900,3
1-738203288,3
1-738203329,2
1-738203435,2
1-738203467,1
1-738203480,0
1-738203507,0
1-738203539,0
1-738203600,3
1-738206434,4
1-738212654,1
1-738212687,3
1-738212849,2
1-738218067,2
1-738218136,0
1-738218272,2
1-738218334,3
1-738218359,3
1-738218368,1
1-738218371,3
1-738218526,0
1-738218723,4
1-738218731,0
1-738218789,2
1-738220295,1
1-738220469,2
1-738220592,1
1-738220637,0
1-738220825,1
1-738220844,0
1-738221024,2
1-738221075,4
1-738221393,2
1-738221446,4
1-738222760,1
1-738226136,2
1-738226230,0
1-738226896,4
1-738227826,2
1-738229085,4
1-738229368,1
1-738229405,3
1-738229421,0
1-738229444,1
1-738229673,3
1-738229763,1
1-738229835,3
1-738229861,1
1-738230273,4
1-738230651,0
1-738230919,1
1-738231351,1
1-738231394,0
1-738232764,1
1-738233069,4
1-738233197,0
1-738233306,4
1-738233324,0
1-738233339,1
1-738233372,0
1-738233605,4
1-738233715,1
1-738233795,0
1-738233841,2
1-738233861,4
1-738235971,3
1-738236279,2
1-738236347,2
1-738236648,0
1-738238024,1
1-738238059,2
1-738238077,3
1-738238217,0
1-738238261,3
1-738238611,1
1-738238752,1
1-738240004,1
1-738240060,3
1-738240125,1
1-738240312,0
1-738240332,3
1-738240511,1
1-738240917,1
1-738240944,4
1-738241278,4
1-738241575,3
1-738241583,3
1-738241650,1
1-738241691,2
1-738241729,0
1-738241731,4
1-738241761,4
1-738241829,3
1-738241838,4
1-738241883,0
1-738241899,2
1-738242083,0
1-738242199,2
1-738242256,3
1-738242392,0
1-738242472,2
1-738242503,3
1-738242595,1
1-738242639,0
1-738243931,4
1-738244261,0
1-738244277,1
1-738244298,2
1-738244385,2
1-738244419,2
1-738244421,0
1-738244623,4
1-738244679,4
1-738244697,0
1-738244755,0
1-738244815,4
1-738244841,0
1-738246906,3
1-738247053,2
1-738247080,1
1-738247231,4
1-738247307,2
1-738247330,1
1-738247423,1
1-738247447,1
1-738247470,3
1-738247599,0
1-738247666,0
1-738247683,3
1-738259959,3
1-738259978,1
1-738260024,4
1-738260156,0
1-738260355,0
1-738260464,2
1-738260747,2
1-738263063,0
1-738263193,1
1-738263211,1
1-738263240,2
1-738263316,2
1-738263369,0
1-738263443,2
1-738263602,4
1-738263657,3
1-738263764,0
1-738269922,3
1-738270450,0
1-738270463,1
1-738270547,4
1-738270724,4
1-738270755,3
1-738270842,2
1-738270991,0
1-738271038,0
1-738271042,4
1-738271115,3
1-738271151,0
1-738271236,1
1-738271384,2
1-738271571,4
1-738273162,3
1-738273222,4
1-738273309,4
1-738273514,1
1-738273547,1
1-738273623,0
1-738273642,1
1-738273698,3
1-738274210,1
1-738274290,2
1-738274604,4
1-738274663,1
1-738274795,4
1-738275938,4
1-738276099,4
1-738276140,4
1-738276201,3
1-738276431,4
1-738276591,2
1-738276726,3
1-738276848,1
1-738276931,2
1-738277030,4
1-738277054,4
1-738277270,3
1-738277328,1
1-738277334,1
1-738277365,3
1-738277423,0
1-738277557,2
1-738279071,2
1-738279577,3
1-738279641,3
1-738279718,3
1-738279833,4
1-738280961,4
1-738280993,0
1-738281011,3
1-738281145,4
1-738281185,2
1-738281200,0
1-738281209,1
1-738281244,3
1-738281268,2
1-738281551,3
1-738281628,0
1-738281641,4
1-738281721,0
1-738281736,4
1-738281901,2
1-738282694,1
1-738282725,0
1-738286674,3
1-738286832,3
1-738288901,0
1-738288927,3
1-738288963,1
1-738288983,4
1-738289069,1
1-738289102,1
1-738289120,2
1-738289124,3
1-738289146,3
1-738290009,1
1-738290130,3
1-738290791,1
1-738291508,0
1-738291525,2
1-738291533,1
1-738291568,1
1-738294050,1
1-738297251,1
1-738297276,2
1-738297361,2
1-738297782,3
1-738303018,3
1-738303130,1
1-738303139,1
1-738303541,0
1-738303559,0
1-738303563,0
1-738303608,4
1-738303819,2
1-738303992,1
1-738304345,3
1-738304421,0
1-738304751,1
1-738304796,4
1-738304908,4
1-738304940,4
1-738314138,1
1-738314403,1
1-738314450,0
1-738314480,3
1-738314828,1
1-738316958,2
1-738316981,4
1-738316993,1
1-738317005,0
1-738317017,0
1-738317029,2
1-738317040,1
1-738317052,3
1-738317157,3
1-738317181,4
1-738317240,0
1-738317252,3
1-738317366,3
1-738317421,4
1-738317432,2
1-738317444,2
1-738317535,3
1-738317569,2
1-738317581,4
1-738317604,1
1-738317813,2
1-738317999,4
1-738318027,0
1-738318041,4
1-738318143,4
1-738318151,4
1-738318221,4
1-738318237,0
1-738318345,0
1-738318366,0
1-738318421,1
1-738318453,2
1-738318481,0
1-738318564,3
1-738318582,4
1-738318624,1
1-738318665,3
1-738321106,1
1-738321117,2
1-738321212,1
1-738321284,2
1-738321308,2
1-738321387,1
1-738321474,0
1-738321581,0
1-738321608,3
1-738321806,3
1-738322066,1
1-738322173,3
1-738324958,0
1-738325101,3
1-738325415,0
1-738325561,3
1-738327571,4
1-738327923,1
1-738328020,0
1-738328062,0
1-738328175,1
1-738328254,2
1-738328837,3
1-738330925,0
1-738330933,3
1-738330946,3
1-738331277,0
1-738331340,3
1-738331385,1
1-738331495,2
1-738331603,3
1-738331657,3
1-738331831,1
1-738331898,3
1-738333085,2
1-738333460,0
1-738333473,0
1-738333580,0
1-738333641,4
1-738333682,4
1-738333818,4
1-738336918,3
1-738336951,1
1-738337103,4
1-738337231,3
1-738337461,0
1-738337500,4
1-738337705,1
1-738337819,0
1-738339971,1
1-738339986,2
1-738340062,2
1-738340115,3
1-738340150,3
1-738340190,1
1-738340259,4
1-738340653,1
1-738340812,1
1-738340840,4
1-738342943,3
1-738343331,3
1-738343349,3
1-738343461,3
1-738343568,2
1-738343995,0
1-738344160,1
1-738344321,4
1-738344529,2
1-738344579,2
1-738344675,2
1-738344686,2
1-738345051,3
1-738345086,4
1-738345132,3
1-738345399,4
1-738345409,3
1-738345811,0
1-738345878,0
1-738346954,0
1-738347104,4
1-738347135,2
1-738347205,0
1-738347323,0
1-738347413,3
1-738347793,0
1-738350081,2
1-738350179,3
1-738350213,1
1-738350227,2
1-738350372,1
1-738350692,3
1-738350732,4
1-738352959,3
1-738353084,3
1-738353826,3
1-738353947,4
1-738354093,1
1-738354264,4
1-738354315,1
1-738354431,4
1-738354877,2
1-738355054,1
1-738355422,1
1-738366048,1
1-738366108,3
1-738366262,1
1-738366911,2
1-738366921,2
1-738366951,1
1-738366991,2
1-738367001,1
1-738367041,2
1-738367052,2
1-738367061,4
1-738367111,0
1-738367116,4
1-738367121,2
1-738367141,0
1-738367221,4
1-738367261,0
1-738367281,4
1-738367331,1
1-738367341,0
1-738367351,4
1-738367361,1
1-738367411,2
1-738367441,2
1-738367451,3
1-738367501,1
1-738367541,4
1-738367611,0
1-738367681,3
1-738367701,3
1-738367721,2
1-738367761,3
1-738367831,2
1-738367861,3
1-738370022,3
1-738370200,2
1-738370239,1
1-738370362,0
1-738370427,2
1-738370559,1
1-738372798,1
1-738372902,1
1-738372919,1
1-738372944,2
1-738373032,4
1-738373106,4
1-738373131,4
1-738373229,2
1-738373275,0
1-738374940,0
1-738374965,2
1-738375076,1
1-738375106,4
1-738375446,2
1-738375594,1
1-738378686,4
1-738378721,3
1-738378749,1
1-738383119,2
1-738383986,0
1-738384002,1
1-738384158,1
1-738384552,2
1-738384770,2
1-738384944,3
1-738385370,3
1-738385539,0
1-738385710,0
1-738387396,4
1-738387460,0
1-738387528,0
1-738387566,2
1-738387796,0
1-738387927,4
1-738387944,3
1-738388032,1
1-738388114,2
1-738388171,1
1-738388294,2
1-738388361,4
1-738388399,2
1-738388904,0
1-738389177,1
1-738389218,3
1-738389223,0
1-738391905,4
1-738392288,4
1-738392345,3
1-738392479,3
1-738392825,3
1-738397375,2
1-738397729,4
1-738397839,3
1-738397843,3
1-738400142,4
1-738400168,2
1-738400208,1
1-738400346,1
1-738400398,0
1-738400662,0
1-738400677,2
1-738400723,1
1-738408165,4
1-738408245,3
1-738408281,3
1-738408332,0
1-738408461,0
1-738408481,0
1-738408509,0
1-738408525,4
1-738408533,0
1-738408550,0
1-738408693,3
1-738408834,3
1-738410356,3
1-738410373,3
1-738410392,0
1-738414906,4
1-738414941,1
1-738414999,0
1-738415019,1
1-738415093,3
1-738415271,2
1-738415443,0
1-738415562,2
1-738415648,0
1-738415716,4
1-738415774,3
1-738415799,2
1-738417596,1
1-738417681,1
1-738419176,2
1-738419847,3
1-738422787,0
1-738424734,4
1-738424868,2
1-738427970,4
1-738428026,3
1-738428069,3
1-738428588,4
1-738428797,4
1-738431011,2
1-738433503,2
1-738433574,1
1-738434873,1
1-738435955,0
1-738436118,0
1-738436127,0
1-738436239,3
1-738436301,0
1-738436463,4
1-738436485,4
1-738436494,1
1-738436701,2
1-738436890,2
1-738436894,0
1-738438917,2
1-738438929,3
1-738438941,1
1-738439012,4
1-738439047,1
1-738439059,2
1-738439164,0
1-738439348,0
1-738439370,2
1-738439380,1
1-738439436,1
1-738439447,1
1-738439587,4
1-738439635,4
1-738444926,3
1-738444996,1
1-738445081,2
1-738445248,1
1-738445269,3
1-738445871,2
1-738447951,0
1-738448252,3
1-738448428,2
1-738448599,0
1-738448651,1
1-738448741,0
1-738448756,1
1-738448778,1
1-738448836,0
1-738448875,3
1-738448897,3
1-738452111,0
1-738452363,4
1-738452423,1
1-738452440,3
1-738452469,0
1-738453955,0
1-738454035,4
1-738454193,4
1-738454452,0
1-738454500,3
1-738454506,1
1-738454571,2
1-738454698,4
1-738454955,4
1-738455113,3
1-738455392,2
1-738455497,4
1-738455599,2
1-738455603,1
1-738455727,4
1-738455929,0
1-738455965,3
1-738456001,2
1-738456301,1
1-738456418,1
1-738456506,3
1-738456564,0
1-738456881,1
1-738456928,3
1-738457041,1
1-738457068,3
1-738457242,4
1-738457257,1
1-738457311,0
1-738457346,1
1-738457370,3
1-738457409,1
1-738457431,2
1-738457541,0
1-738457621,2
1-738457675,4
1-738457695,1
1-738457804,4
1-738458013,0
1-738458072,3
1-738458221,1
1-738458277,1
1-738458373,4
1-738458595,0
1-738458633,3
1-738458649,0
1-738458851,1
1-738462592,4
1-738462631,4
1-738462681,3
1-738464905,0
1-738464941,1
1-738464951,2
1-738465191,2
1-738465221,4
1-738465511,4
1-738465732,3
1-738466077,3
1-738466191,2
1-738466335,3
1-738467927,3
1-738467942,4
1-738467971,4
1-738468025,0
1-738468352,2
1-738468664,0
1-738473142,3
1-738473169,2
1-738473411,0
1-738473477,3
1-738475029,2
1-738475038,4
1-738475066,0
1-738475191,3
1-738475201,0
1-738475211,0
1-738475268,1
1-738475287,0
1-738475333,1
1-738475483,0
1-738475528,3
1-738475749,0
1-738475757,1
1-738475810,2
1-738475827,4
1-738475887,3
1-738476327,2
1-738476955,4
1-738477002,4
1-738477121,1
1-738477325,3
1-738477417,1
1-738477454,1
1-738477484,0
1-738477691,3
1-738477741,3
1-738479079,2
1-738479208,2
1-738479350,0
1-738479512,4
1-738479589,1
1-738479640,0
1-738481907,4
1-738481991,0
1-738482041,1
1-738482411,3
1-738482471,4
1-738482493,4
1-738482543,4
1-738482595,4
1-738482680,4
1-738482729,3
1-738482828,2
1-738482846,0
1-738490180,3
1-738490269,1
1-738490593,3
1-738490731,3
1-738490777,2
1-738490989,0
1-738491046,2
1-738491081,3
1-738491229,4
1-738491243,0
1-738491308,3
1-738491604,1
1-738491844,3
1-738491981,1
1-738492000,4
1-738492077,3
1-738494976,1
1-738495152,4
1-738495597,1
1-738495608,1
1-738495737,4
1-738495771,2
1-738495814,4
1-738495845,4
1-738495954,4
1-738496002,3
1-738496443,0
1-738496476,4
1-738496584,1
1-738496653,4
1-738496931,4
1-738496977,4
1-738497067,3
1-738498947,1
1-738499032,1
1-738499184,1
1-738499191,3
1-738499306,0
1-738499316,3
1-738499421,4
1-738499557,4
1-738499574,0
1-738499841,0
1-738499893,4
1-738501549,0
1-738501642,4
1-738503076,3
1-738503221,3
1-738503291,0
1-738503382,0
1-738503397,0
1-738503745,3
1-738505928,4
1-738505947,2
1-738506442,3
1-738506787,1
1-738508411,0
1-738508437,3
1-738508441,1
1-738509914,1
1-738510011,0
1-738510087,4
1-738510133,1
1-738510149,0
1-738510174,4
1-738510181,3
1-738510411,4
1-738510455,2
1-738510564,0
1-738512384,2
1-738512606,0
1-738515627,3
1-738515906,4
1-738515915,2
1-738516134,1
1-738516353,1
1-738516564,1
1-738516847,3
1-738516871,2
1-738516914,4
1-738516968,3
1-738516996,0
1-738517178,1
1-738517299,3
1-738517465,4
1-738517684,4
1-738517788,0
1-738517834,0
1-738517873,0
1-738519918,4
1-738519974,2
1-738520011,3
1-738520313,0
1-738520406,0
1-738520439,3
1-738520583,4
1-738520660,1
1-738520958,1
1-738521074,2
1-738521200,2
1-738521237,2
1-738521302,0
1-738521380,4
1-738521720,2
1-738521781,2
1-738521911,4
1-738521931,2
1-738521961,4
1-738521971,1
1-738522001,1
1-738522011,3
1-738522021,4
1-738522031,4
1-738522041,0
1-738522051,2
1-738522061,4
1-738522071,0
1-738522111,0
1-738522191,2
1-738526946,1
1-738527048,1
1-738527073,1
1-738527133,3
1-738527216,4
1-738527224,4
1-738527296,2
1-738527413,4
1-738527447,2
1-738527476,2
1-738527582,0
1-738527646,1
1-738527659,1
1-738527777,2
1-738527817,2
1-738527854,1
1-738527884,4
1-738527926,4
1-738527937,4
1-738527949,4
1-738527972,1
1-738528005,4
1-738528086,3
1-738528122,2
1-738528145,0
1-738528156,0
1-738528238,1
1-738528250,3
1-738528261,4
1-738528273,1
1-738528285,3
1-738528364,2
1-738528711,3
1-738530454,1
1-738530474,1
1-738530625,3
1-738530767,4
1-738530967,4
1-738531008,0
1-738531119,0
1-738531149,1
1-738531189,1
1-738531308,2
1-738531727,4
1-738532339,0
1-738535760,3
1-738536614,0
1-738536943,3
1-738536998,4
1-738537099,4
1-738537180,0
1-738537252,2
1-738537278,1
1-738537309,4
1-738537355,2
1-738537438,4
1-738537727,1
1-738537776,2
1-738537801,2
1-738538092,0
1-738538265,0
1-738538378,1
1-738538552,3
1-738538732,0
1-738538961,4
1-738539084,0
1-738539178,2
1-738539195,4
1-738539201,0
1-738539226,3
1-738539305,3
1-738539429,2
1-738539437,2
1-738539534,0
1-738539569,4
1-738539574,4
1-738539604,2
1-738539654,2
1-738539862,3
1-738540584,0
1-738543481,4
1-738543528,1
1-738543543,2
1-738545008,1
1-738545884,1
1-738550941,1
1-738550991,3
1-738551061,0
1-738551071,3
1-738551101,2
1-738551361,0
1-738551371,1
1-738551391,4
1-738551401,3
1-738551471,3
1-738551481,4
1-738551511,2
1-738551541,1
1-738551591,0
1-738551651,2
1-738551671,2
1-738551731,3
1-738551761,4
1-738551821,4
1-738551826,0
1-738552941,1
1-738553017,4
1-738553029,3
1-738553104,1
1-738553123,4
1-738553174,4
1-738553347,4
1-738554264,4
1-738554303,2
1-738554633,0
1-738554818,3
1-738557956,1
1-738557962,4
1-738558081,4
1-738558134,1
1-738558435,2
1-738558779,1
1-738558802,4
1-738558868,1
1-738565236,3
1-738565786,4
1-738568055,0
1-738568317,1
1-738568376,0
1-738568447,4
1-738568465,1
1-738568530,4
1-738568861,1
1-738568875,2
1-738568885,2
1-738569907,2
1-738570071,1
1-738570563,0
1-738570957,4
1-738571077,2
1-738575365,1
1-738576289,4
1-738576399,1
1-738576920,3
1-738576928,4
1-738576931,1
1-738576968,0
1-738577049,0
1-738577312,2
1-738577532,0
1-738577568,3
1-738577571,0
1-738577621,0
1-738577635,3
1-738577732,4
1-738582911,2
1-738583102,2
1-738583226,3
1-738583295,4
1-738583478,0
1-738583930,4
1-738584361,3
1-738587008,3
1-738587730,3
1-738587921,0
1-738587989,1
1-738588056,2
1-738588153,2
1-738588161,3
1-738588177,2
1-738588551,3
1-738588615,1
1-738588665,3
1-738590073,4
1-738590475,2
1-738590664,1
1-738590753,1
1-738590784,2
1-738594204,3
1-738594223,1
1-738594676,3
1-738596051,1
1-738596195,2
1-738596423,3
1-738596480,2
1-738597045,0
1-738597140,2
1-738597213,4
1-738597351,3
1-738597366,2
1-738597569,0
1-738597762,4
1-738598943,0
1-738599007,4
1-738599683,2
1-738599737,4
1-738599761,4
1-738599835,4
1-738600116,1
1-738601809,0
1-738603537,0
1-738603541,0
1-738603610,2
1-738603694,0
1-738603751,2
1-738609992,0
1-738610041,3
1-738610057,0
1-738610198,4
1-738610389,1
1-738611143,1
1-738611248,4
1-738611382,3
1-738611675,4
1-738611833,1
1-738612035,0
1-738612228,2
1-738612308,4
1-738612704,3
1-738612793,0
1-738612826,3
1-738614001,3
1-738614545,3
1-738619065,0
1-738619146,2
1-738619400,3
1-738619537,1
1-738619615,2
1-738619634,0
1-738619754,1
1-738619793,2
1-738621341,2
1-738621675,1
1-738624240,2
1-738624331,0
1-738624443,0
1-738624684,0
1-738626037,2
1-738626064,4
1-738628042,4
1-738630916,3
1-738631077,3
1-738631187,0
1-738631210,4
1-738631255,4
1-738631271,0
1-738631554,0
1-738631642,1
1-738631826,3
1-738646244,0
1-738646441,3
1-738646521,3
1-738646556,3
1-738646578,3
1-738646617,1
1-738647875,0
1-738648912,1
1-738649027,1
1-738649042,2
1-738649094,3
1-738649186,4
1-738649250,0
1-738649569,2
1-738649666,2
1-738649700,2
1-738650039,0
1-738650106,1
1-738650216,3
1-738650274,2
1-738650407,2
1-738650485,1
1-738650551,0
1-738650581,3
1-738650637,1
1-738650764,0
1-738650793,4
1-738651085,2
1-738651324,1
1-738651383,1
1-738651455,1
1-738651672,0
1-738651744,0
1-738651887,2
1-738656421,1
1-738657434,4
1-738657687,4
1-738657943,2
1-738657977,4
1-738658163,4
1-738658943,1
1-738659033,0
1-738660907,1
1-738662221,3
1-738662281,1
1-738662715,0
1-738662868,3
1-738662979,4
1-738663022,3
1-738663482,2
1-738663491,3
1-738663505,2
1-738663628,0
1-738663708,2
1-738663899,2
1-738667377,3
1-738667704,2
1-738667880,0
1-738670491,3
1-738670859,2
1-738673059,2
1-738673089,3
1-738679046,3
1-738679396,1
1-738679561,4
1-738679620,3
1-738679810,3
1-738680901,3
1-738680951,0
1-738681010,0
1-738681053,2
1-738681116,3
1-738681199,1
1-738681272,1
1-738681295,1
1-738681401,1
1-738681449,1
1-738681660,2
1-738681670,0
1-738681771,2
1-738684449,0
1-738684740,1
1-738685932,2
1-738686485,1
1-738686730,4
1-738689431,0
1-738690961,1
1-738691002,2
1-738691082,0
1-738691218,2
1-738691316,1
1-738693957,0
1-738693992,4
1-738694049,3
1-738694070,3
1-738694284,3
1-738694525,4
1-738694722,4
1-738698915,4
1-738698998,4
1-738699103,0
1-738699380,2
1-738699397,4
1-738699512,0
1-738699555,3
1-738699585,3
1-738702051,3
1-738702164,0
1-738706006,4
1-738706340,3
1-738706420,4
1-738706476,4
1-738707985,4
1-738708113,3
1-738708751,0
1-738710058,3
1-738710108,4
1-738710252,1
1-738710468,0
1-738710624,1
1-738710671,1
1-738710885,2
1-738710898,4
1-738710921,2
1-738711202,0
1-738711949,0
1-738712032,0
1-738712122,3
1-738712217,1
1-738712252,3
1-738712286,0
1-738712368,1
1-738712420,1
1-738712653,4
1-738712831,2
1-738713947,3
1-738714001,3
1-738714163,2
1-738714200,3
1-738714351,4
1-738714382,4
1-738714423,2
1-738714499,3
1-738714576,2
1-738714775,4
1-738714893,4
1-738715158,2
1-738715700,4
1-738716114,1
1-738716356,3
1-738716371,0
1-738716399,4
1-738716505,3
1-738716521,3
1-738717221,0
1-738717615,3
1-738720324,3
1-738720676,1
1-738720868,0
1-738720879,4
1-738722955,1
1-738723039,4
1-738723146,0
1-738723315,3
1-738723584,4
1-738723725,1
1-738725061,2
1-738725092,1
1-738725150,4
1-738725241,4
1-738725300,0
1-738731009,2
1-738731060,3
1-738731061,2
1-738731160,3
1-738731246,0
1-738731259,4
1-738731297,3
1-738731421,0
1-738731470,2
1-738731656,4
1-738731742,2
1-738731809,4
1-738731827,2
1-738731849,1
1-738746261,3
1-738752056,4
1-738752205,1
1-738752421,0
1-738753886,0
1-738756001,1
1-738760754,2
1-738761987,2
1-738762049,2
1-738762065,1
1-738762205,3
1-738762222,0
1-738762261,0
1-738762332,3
1-738762394,2
1-738762640,2
1-738762657,0
1-738762697,3
1-738762719,1
1-738762760,1
1-738762851,0
1-738763461,0
1-738763507,2
1-738763605,3
1-738763744,3
1-738763827,4
1-738763853,4
1-738764361,4
1-738764410,0
1-738764449,0
1-738764488,3
1-738764771,3
1-738764985,4
1-738765421,1
1-738765606,4
1-738767258,2
1-738767478,3
1-738767821,0
1-738767889,4
1-738768673,1
1-738768721,2
1-738768747,4
1-738768810,2
1-738768835,3
1-738771023,1
1-738776109,0
1-738776153,1
1-738776164,4
1-738776205,1
1-738776219,3
1-738776281,2
1-738776349,1
1-738776358,3
1-738776387,4
1-738776505,3
1-738776597,2
1-738776601,1
1-738776892,1
1-738778040,3
1-738778156,0
1-738778171,3
1-738778208,2
1-738778232,3
1-738778268,0
1-738778294,0
1-738778320,1
1-738778441,3
1-738778477,1
1-738779507,0
1-738779566,4
1-738779582,3
1-738779776,4
1-738779783,3
1-738779865,2
1-738780927,4
1-738780975,2
1-738781037,3
1-738781116,0
1-738781723,2
1-738781825,2
1-738786926,4
1-738786961,4
1-738786983,0
1-738787035,0
1-738787123,2
1-738787239,0
1-738787282,0
1-738787531,2
1-738787575,0
1-738787635,3
1-738787672,3
1-738787748,4
1-738787828,0
1-738787884,0
1-738794053,1
1-738794823,3
1-738795985,3
1-738796046,1
1-738796063,3
1-738796436,3
1-738799041,2
1-738799172,2
1-738799394,3
1-738799869,2
1-738799904,3
1-738800181,0
1-738800519,3
1-738800563,0
1-738800583,4
1-738800627,1
1-738800919,1
1-738801025,4
1-738801152,0
1-738801212,4
1-738801328,2
1-738801332,3
1-738801412,1
1-738801466,0
1-738801502,2
1-738801530,0
1-738801578,4
1-738801714,0
1-738801740,0
1-738801791,0
1-738801992,4
1-738803735,0
1-738805035,1
1-738805966,3
1-738806096,2
1-738806253,3
1-738806528,3
1-738806761,1
1-738806780,4
1-738806867,1
1-738808026,2
1-738808591,0
1-738808715,4
1-738808785,0
1-738809521,2
1-738809719,0
1-738809757,2
1-738809786,2
1-738809852,2
1-738811935,4
1-738811957,4
1-738811969,3
1-738812107,1
1-738812140,1
1-738812196,0
1-738812220,3
1-738812232,3
1-738812266,0
1-738812312,2
1-738812459,1
1-738812504,2
1-738812756,3
1-738812824,3
1-738812858,2
1-738816932,1
1-738816960,1
1-738816977,3
1-738817691,3
1-738817708,1
1-738817711,4
1-738817790,2
1-738817868,3
1-738819441,0
1-738819511,3
1-738819542,1
1-738819609,1
1-738819647,2
1-738819777,2
1-738819828,0
1-738819885,4
1-738820217,4
1-738820251,0
1-738820394,4
1-738820427,2
1-738820481,2
1-738820565,1
1-738821115,4
1-738821202,1
1-738821245,0
1-738821280,2
1-738821282,0
1-738821291,4
1-738821433,2
1-738821480,2
1-738821506,3
1-738821511,1
1-738821529,3
1-738821573,2
1-738821610,2
1-738821640,4
1-738821692,2
1-738821716,0
1-738821771,0
1-738821862,0
1-738827056,4
1-738827072,3
1-738827666,4
1-738827706,1
1-738827841,3
1-738827857,2
1-738827876,2
1-738827939,2
1-738827966,3
1-738828056,4
1-738828122,4
1-738828162,1
1-738828195,0
1-738828207,3
1-738828229,2
1-738828335,4
1-738828399,4
1-738845143,1
1-738847028,1
1-738847039,2
1-738847050,2
1-738847273,1
1-738847319,2
1-738847354,3
1-738847366,1
1-738847446,1
1-738847469,2
1-738847539,0
1-738847562,4
1-738847735,4
1-738847803,4
1-738848021,0
1-738848305,3
1-738848553,1
1-738871007,0
1-738871036,0
1-738894021,3
1-738894134,2
1-738894209,0
1-738894279,4
1-738894310,4
1-738894462,4
1-738894540,1
1-738894622,2
1-738894680,3
1-738894699,2
1-738894740,2
1-738894830,1
1-738895171,1
1-738895230,4
1-738895240,4
1-738895252,0
1-738895263,4
1-738895275,1
1-738895298,3
1-738895309,3
1-738895321,1
1-738895332,4
1-738895446,4
1-738895505,0
1-738895517,2
1-738895841,2
1-738896121,1
1-738896191,2
1-738896761,0
1-738896771,2
1-738896811,0
1-738897198,4
1-738897221,2
1-738897343,4
1-738897371,1
1-738897443,1
1-738897474,0
1-738897556,1
1-738897597,1
1-738897648,2
1-738897751,4
1-738897791,1
1-739162983,0
1-739163093,1
1-739163452,1
1-739163677,4
1-739163726,3
1-739167541,3
1-739167698,3
1-739173471,2
1-739173911,2
1-739174153,1
1-739174291,0
1-739174396,2
1-739174477,2
1-739174580,4
1-739174798,1
1-739176440,3
1-739176818,2
1-739176870,2
1-739176875,3
1-739176881,4
1-739177070,3
1-739177207,2
1-739177224,0
1-739177383,0
1-739177590,4
1-739177608,4
1-739177611,2
1-739177647,3
1-739177687,4
1-739177701,3
1-739177724,4
1-739180313,4
1-739181083,4
1-739181275,0
1-739181320,3
1-739181358,4
1-739181465,1
1-739181511,1
1-739181558,2
1-739181601,4
1-739181621,3
1-739181702,0
1-739181713,3
1-739181772,0
1-739181845,4
1-739181873,1
1-739181888,0
1-739182945,0
1-739182980,4
1-739183018,1
1-739183035,3
1-739183053,2
1-739183104,4
1-739183130,4
1-739183150,3
1-739183187,1
1-739183240,4
1-739183278,0
1-739183315,4
1-739183363,0
1-739183534,3
1-739183648,1
1-739183657,0
1-739183699,0
1-739183702,1
1-739183718,1
1-739183768,3
1-739183857,3
1-739186141,2
1-739186199,2
1-739186611,2
1-739186694,3
1-739187909,1
1-739187924,2
1-739187980,4
1-739187981,0
1-739188040,2
1-739188082,2
1-739188103,4
1-739188201,2
1-739188251,2
1-739188372,2
1-739188427,2
1-739188524,4
1-739188641,2
1-739194905,2
1-739194931,3
1-739194998,4
1-739195121,2
1-739195168,4
1-739195237,0
1-739195333,4
1-739195476,1
1-739195617,3
1-739195932,3
1-739196071,0
1-739196313,3
1-739196353,1
1-739196391,4
1-739196684,2
1-739196774,1
1-739196794,1
1-739196881,1
1-739196935,1
1-739196972,3
1-739197061,0
1-739197153,0
1-739197171,4
1-739197225,0
1-739197381,4
1-739197411,0
1-739197448,4
1-739197487,4
1-739197517,0
1-739197672,4
1-739197726,1
1-739197764,4
1-739197857,1
1-739198002,0
1-739198115,4
1-739198127,4
1-739198138,4
1-739198208,1
1-739198266,4
1-739198301,0
1-739198448,1
1-739198483,3
1-739198494,3
1-739198505,4
1-739198573,0
1-739198811,3
1-739198845,0
1-739198891,3
1-739199165,1
1-739199944,1
1-739199989,2
1-739200157,1
1-739200231,3
1-739200253,4
1-739200396,1
1-739200411,1
1-739200627,2
1-739203185,3
1-739203256,3
1-739203288,1
1-739203858,1
1-739203937,2
1-739204106,0
1-739204273,3
1-739204484,2
1-739204551,3
1-739204605,4
1-739204640,3
1-739204657,1
1-739204681,3
1-739204750,4
1-739204785,1
1-739208015,0
1-739208095,2
1-739208465,1
1-739208580,4
1-739211294,4
1-739211459,2
1-739211463,2
1-739211706,4
1-739211762,0
1-739211784,4
1-739211858,1
1-739211891,1
1-739212951,1
1-739212961,0
1-739213011,1
1-739213171,3
1-739213210,2
1-739213369,1
1-739213460,4
1-739213499,2
1-739213508,3
1-739213558,3
1-739213619,1
1-739213621,2
1-739213796,0
1-739216265,2
1-739216287,0
1-739216382,4
1-739216604,2
1-739216801,4
1-739216822,2
1-739220124,1
1-739220189,0
1-739220334,3
1-739220446,0
1-739220491,3
1-739220578,2
1-739220615,4
1-739220670,0
1-739220741,1
1-739220849,2
1-739224418,0
1-739224771,2
1-739224951,3
1-739224981,2
1-739225001,2
1-739225111,2
1-739225152,3
1-739225221,3
1-739225231,1
1-739225301,4
1-739225321,3
1-739225371,4
1-739225381,1
1-739225421,4
1-739225471,4
1-739225481,2
1-739225501,3
1-739225511,1
1-739225521,3
1-739225531,4
1-739225661,4
1-739225681,0
1-739225691,1
1-739225711,2
1-739225781,0
1-739225821,2
1-739226916,2
1-739227089,1
1-739227126,0
1-739227205,3
1-739227368,4
1-739227483,2
1-739227536,4
1-739227550,4
1-739227685,1
1-739227746,2
1-739227761,4
1-739227790,3
1-739227828,0
1-739228151,2
1-739228191,1
1-739228215,0
1-739228360,3
1-739228761,4
1-739228787,1
1-739228832,2
1-739228898,4
1-739248008,3
1-739248260,0
1-739248286,0
1-739248306,0
1-739248410,4
1-739248497,4
1-739248533,3
1-739248856,1
1-739252774,3
1-739253989,4
1-739254151,4
1-739254192,4
1-739254329,2
1-739254408,2
1-739254451,4
1-739254541,2
1-739254591,3
1-739254688,1
1-739254726,0
1-739254765,4
1-739257930,0
1-739258427,2
1-739258646,2
1-739258929,3
1-739259042,4
1-739259133,1
1-739259181,3
1-739259283,3
1-739259299,1
1-739259336,0
1-739259460,0
1-739259476,4
1-739259632,1
1-739259644,2
1-739259666,1
1-739259772,1
1-739259783,4
1-739259835,4
1-739259873,4
1-739262291,2
1-739262348,4
1-739262438,2
1-739262665,1
1-739262701,4
1-739262752,3
1-739262879,2
1-739264950,2
1-739265006,4
1-739265109,3
1-739265120,0
1-739265256,0
1-739265351,4
1-739265445,0
1-739265473,3
1-739265513,2
1-739265528,1
1-739265645,4
1-739265861,2
1-739269022,0
1-739269204,3
1-739269256,1
1-739269455,1
1-739269929,2
1-739270964,3
1-739270971,2
1-739271014,4
1-739271097,4
1-739271101,2
1-739271131,1
1-739271199,3
1-739271278,2
1-739271360,1
1-739271391,0
1-739271559,3
1-739271710,1
1-739271728,0
1-739273944,0
1-739274076,0
1-739274106,2
1-739274179,3
1-739274255,1
1-739274572,4
1-739275964,1
1-739275992,2
1-739276119,0
1-739276248,1
1-739276483,4
1-739276565,2
1-739276913,3
1-739276940,1
1-739277029,1
1-739277139,1
1-739277162,3
1-739277239,3
1-739277260,0
1-739277436,2
1-739277460,3
1-739277540,2
1-739278287,4
1-739278981,3
1-739279158,4
1-739279341,0
1-739279421,1
1-739279515,4
1-739279577,0
1-739279634,2
1-739279794,1
1-739279860,3
1-739279871,1
1-739285066,1
1-739285078,0
1-739285090,2
1-739285331,1
1-739285389,1
1-739285552,2
1-739285714,2
1-739285770,1
1-739285782,4
1-739285827,3
1-739285850,2
1-739285873,4
1-739286285,4
1-739288970,1
1-739289054,2
1-739289199,1
1-739289351,1
1-739289621,1
1-739289678,0
1-739289797,0
1-739289835,2
1-739289848,3
1-739289870,3
1-739291954,4
1-739292088,0
1-739292112,2
1-739292191,3
1-739292210,3
1-739292357,4
1-739292696,4
1-739292738,2
1-739292748,4
1-739292794,0
1-739292823,3
1-739292845,4
1-739292964,1
1-739293161,3
1-739293209,3
1-739293482,0
1-739293771,3
1-739293904,0
1-739293953,1
1-739293969,2
1-739294508,2
1-739294850,4
1-739300131,0
1-739300338,2
1-739300375,0
1-739300444,2
1-739300621,0
1-739300655,3
1-739302011,4
1-739302171,0
1-739302250,3
1-739302322,1
1-739302508,4
1-739302563,3
1-739302600,1
1-739302606,2
1-739302829,2
1-739302843,3
1-739302957,3
1-739302963,0
1-739303026,4
1-739303270,1
1-739303432,0
1-739303561,4
1-739303729,1
1-739306192,0
1-739306272,0
1-739306552,2
1-739306677,1
1-739306691,1
1-739306733,0
1-739306815,1
1-739307733,0
1-739308953,2
1-739308990,2
1-739309009,2
1-739309172,0
1-739309210,4
1-739309506,0
1-739309800,3
1-739314011,3
1-739314098,4
1-739314128,4
1-739322124,0
1-739322153,4
1-739322229,1
1-739322346,4
1-739322475,0
1-739322688,3
1-739322855,0
1-739323024,4
1-739323051,1
1-739323166,2
1-739323183,2
1-739323230,1
1-739323263,3
1-739323328,3
1-739323361,0
1-739323495,2
1-739323632,4
1-739323701,0
1-739323749,1
1-739323763,0
1-739323780,3
1-739323815,3
1-739327955,0
1-739328064,4
1-739328288,1
1-739328341,0
1-739328505,2
1-739328522,4
1-739328665,2
1-739328801,1
1-739328861,3
1-739330955,3
1-739331050,2
1-739331094,2
1-739331316,1
1-739331380,3
1-739331431,4
1-739331448,3
1-739331526,3
1-739331663,4
1-739331778,4
1-739331933,1
1-739332058,4
1-739332387,1
1-739332421,0
1-739332555,0
1-739332648,0
1-739332689,2
1-739332905,3
1-739333031,3
1-739333078,4
1-739333145,4
1-739333180,1
1-739333355,3
1-739333451,4
1-739333517,1
1-739333570,3
1-739333601,0
1-739335621,1
1-739335740,1
1-739335750,1
1-739336061,3
1-739336265,3
1-739336372,2
1-739336702,1
1-739337011,4
1-739337027,3
1-739337083,2
1-739337097,2
1-739337101,0
1-739337228,3
1-739337288,2
1-739337454,0
1-739337476,3
1-739337506,0
1-739337638,0
1-739337655,4
1-739337854,4
1-739337880,2
1-739337894,1
1-739339913,2
1-739344931,4
1-739344991,3
1-739345048,2
1-739345104,0
1-739345164,0
1-739345210,2
1-739345262,4
1-739345318,4
1-739345498,3
1-739345510,0
1-739345531,0
1-739345555,3
1-739345646,3
1-739345755,4
1-739345796,4
1-739345877,3
1-739348051,0
1-739348122,1
1-739348508,2
1-739348953,1
1-739349219,3
1-739349221,3
1-739349297,4
1-739349379,4
1-739349475,0
1-739349568,4
1-739349598,4
1-739349711,2
1-739349863,4
1-739351697,3
1-739353204,2
1-739353641,2
1-739357167,1
1-739357777,3
1-739357804,4
1-739357879,4
1-739358911,3
1-739359006,2
1-739359194,4
1-739359233,0
1-739359372,0
1-739359537,1
1-739359552,1
1-739359673,2
1-739359819,4
1-739360627,1
1-739362171,0
1-739362198,4
1-739362367,2
1-739362461,0
1-739362491,0
1-739366616,2
1-739366767,1
1-739366778,0
1-739366781,0
1-739366817,1
1-739368043,1
1-739368091,1
1-739368417,3
1-739368865,4
1-739371094,1
1-739371462,4
1-739371530,0
1-739371600,3
1-739377901,3
1-739377921,1
1-739378031,2
1-739378061,0
1-739378081,2
1-739378101,4
1-739383932,2
1-739383951,0
1-739383977,3
1-739384114,0
1-739384148,1
1-739384172,4
1-739384226,0
1-739384308,2
1-739384346,0
1-739384871,3
1-739385055,0
1-739385294,3
1-739385313,0
1-739385334,2
1-739385364,0
1-739385451,0
1-739385682,3
1-739388907,4
1-739389869,3
1-739390405,4
1-739390870,0
1-739394269,3
1-739394387,2
1-739394476,0
1-739399014,3
1-739399169,1
1-739399331,1
1-739399352,4
1-739399384,2
1-739399485,3
1-739399662,2
1-739399718,3
1-739399730,1
1-739399747,1
1-739399797,1
1-739399832,3
1-739400069,4
1-739400227,0
1-739400271,1
1-739400329,1
1-739400347,4
1-739400416,4
1-739400627,2
1-739400698,0
1-739401942,0
1-739402047,3
1-739402068,2
1-739402118,0
1-739402293,4
1-739402656,0
1-739402812,1
1-739402880,4
1-739402906,4
1-739402947,3
1-739402983,1
1-739403016,2
1-739403040,2
1-739403163,3
1-739403262,2
1-739403381,1
1-739403422,0
1-739405925,0
1-739405946,0
1-739406031,3
1-739406435,0
1-739406770,1
1-739407437,1
1-739407480,2
1-739408907,1
1-739408930,0
1-739409125,4
1-739409205,0
1-739409252,4
1-739409424,4
1-739409447,3
1-739409540,4
1-739409551,1
1-739409573,1
1-739409607,1
1-739409937,2
1-739410906,0
1-739411011,0
1-739411381,4
1-739411408,2
1-739411411,1
1-739411723,3
1-739411762,3
1-739411822,4
1-739412416,4
1-739412435,3
1-739412499,0
1-739412580,2
1-739412650,2
1-739413109,2
1-739413127,0
1-739413212,1
1-739413403,0
1-739413428,1
1-739413442,1
1-739413498,3
1-739413540,3
1-739413646,3
1-739414928,3
1-739414940,2
1-739415030,3
1-739415092,2
1-739415175,3
1-739415217,3
1-739415221,3
1-739415374,4
1-739415440,3
1-739415526,0
1-739415569,2
1-739415839,2
1-739415859,2
1-739415908,1
1-739415920,4
1-739415952,3
1-739416175,3
1-739416307,0
1-739416349,2
1-739416485,3
1-739416531,2
1-739416557,4
1-739416641,1
1-739416700,1
1-739416727,0
1-739418978,3
1-739419198,0
1-739419216,1
1-739419280,3
1-739419378,2
1-739419467,0
1-739419541,0
1-739419594,1
1-739419608,4
1-739419638,4
1-739419900,4
1-739424259,2
1-739424939,4
1-739424941,0
1-739425131,4
1-739425141,0
1-739425181,1
1-739425191,0
1-739425201,4
1-739425291,0
1-739425301,1
1-739425371,0
1-739425411,4
1-739425441,3
1-739425621,1
1-739425641,0
1-739425662,1
1-739425681,0
1-739425711,2
1-739425721,2
1-739425731,3
1-739425751,0
1-739425771,2
1-739425851,3
1-739425881,2
1-739425940,1
1-739426361,2
1-739426614,1
1-739426850,1
1-739428067,1
1-739428083,4
1-739428588,0
1-739428694,1
1-739432260,4
1-739432326,1
1-739432407,3
1-739432421,4
1-739432465,0
1-739432551,4
1-739432770,4
1-739432886,0
1-739435458,4
1-739435777,2
1-739435821,0
1-739435897,0
1-739437632,1
1-739441006,2
1-739441055,2
1-739441216,1
1-739441310,1
1-739441321,3
1-739441482,4
1-739441534,4
1-739441582,3
1-739441613,1
1-739441720,1
1-739443383,2
1-739443419,0
1-739443876,3
1-739444121,2
1-739444481,3
1-739444561,0
1-739444668,0
1-739444791,1
1-739448341,4
1-739448488,0
1-739448754,3
1-739449902,4
1-739449951,3
1-739450031,0
1-739450291,4
1-739450643,4
1-739450735,0
1-739452230,1
1-739452351,1
1-739452487,0
1-739452822,4
1-739454164,2
1-739454191,4
1-739454252,1
1-739454302,1
1-739454313,2
1-739454409,0
1-739454546,2
1-739454713,4
1-739457947,0
1-739457997,3
1-739458918,1
1-739459005,2
1-739459092,0
1-739459105,3
1-739459184,2
1-739459635,3
1-739467311,2
1-739467664,4
1-739467939,4
1-739468022,1
1-739468081,0
1-739468120,1
1-739468278,1
1-739468881,3
1-739470439,3
1-739470443,4
1-739470471,0
1-739470667,2
1-739470748,0
1-739470868,3
1-739471935,3
1-739472317,0
1-739472361,3
1-739472433,1
1-739474521,3
1-739474661,3
1-739474674,2
1-739474698,2
1-739476056,3
1-739476187,1
1-739476198,0
1-739478911,2
1-739479080,3
1-739479240,2
1-739479242,0
1-739479487,4
1-739479699,3
1-739479711,3
1-739480291,3
1-739480593,0
1-739480716,1
1-739482563,4
1-739482574,0
1-739482638,3
1-739482741,3
1-739482751,4
1-739482822,1
1-739483315,1
1-739483413,4
1-739483599,2
1-739483614,0
1-739483695,2
1-739485214,2
1-739485243,2
1-739485717,1
1-739488314,4
1-739489316,2
1-739490488,2
1-739490524,0
1-739492208,4
1-739492319,2
1-739492887,3
1-739492987,2
1-739493119,0
1-739493211,1
1-739493262,0
1-739493271,4
1-739493965,1
1-739494125,1
1-739494148,1
1-739494160,2
1-739494179,1
1-739494277,3
1-739494419,1
1-739494423,3
1-739494503,2
1-739494632,0
1-739494693,3
1-739494731,1
1-739494822,3
1-739497112,4
1-739497125,3
1-739497662,2
1-739497882,4
1-739505994,1
1-739506305,2
1-739506317,4
1-739506338,2
1-739506675,3
1-739506683,4
1-739506803,1
1-739507423,0
1-739507475,4
1-739510056,0
1-739510071,3
1-739510108,1
1-739510215,4
1-739510233,3
1-739510294,3
1-739510323,0
1-739510708,4
1-739511909,4
1-739512386,2
1-739512405,3
1-739512554,2
1-739512617,2
1-739512936,1
1-739512943,3
1-739512971,4
1-739513026,3
1-739513060,0
1-739513095,1
1-739513131,4
1-739513240,1
1-739513278,4
1-739513366,2
1-739513518,4
1-739513615,2
1-739513728,3
1-739513831,2
1-739513892,4
1-739518367,4
1-739521965,0
1-739522090,4
1-739522113,1
1-739522121,4
1-739522187,3
1-739522233,3
1-739523048,4
1-739523198,4
1-739523233,0
1-739523290,3
1-739523359,4
1-739523826,3
1-739523861,4
1-739523929,2
1-739523996,4
1-739524121,0
1-739524210,1
1-739524351,1
1-739524423,0
1-739524515,2
1-739524597,3
1-739524720,3
1-739524745,4
1-739524848,1
1-739524863,3
1-739525284,0
1-739525350,4
1-739525375,4
1-739525417,2
1-739529082,0
1-739529373,1
1-739529384,1
1-739532953,3
1-739533146,0
1-739533159,1
1-739533495,0
1-739533652,3
1-739533713,0
1-739540932,1
1-739541123,0
1-739541669,1
1-739541864,2
1-739543046,1
1-739543267,4
1-739546914,1
1-739547989,1
1-739548791,3
1-739548838,4
1-739548890,4
1-739548891,0
1-739551113,2
1-739551166,2
1-739551235,2
1-739551473,4
1-739551485,3
1-739551491,3
1-739551561,3
1-739551721,4
1-739551943,4
1-739551967,1
1-739552414,4
1-739552585,1
1-739552639,0
1-739552759,3
1-739554251,1
1-739554280,3
1-739554287,3
1-739554352,0
1-739556519,0
1-739556539,0
1-739556701,1
1-739560011,1
1-739560021,4
1-739560051,1
1-739560192,2
1-739560251,3
1-739566283,0
1-739566551,2
1-739566625,0
1-739568230,0
1-739569558,1
1-739569615,0
1-739569771,4
1-739569803,1
1-739569871,0
1-739572542,3
1-739572893,4
1-739578542,3
1-739578752,4
1-739581939,2
1-739581958,2
1-739581976,2
1-739582153,1
1-739582231,0
1-739582275,3
1-739582553,1
1-739582751,4
1-739582855,0
1-739587272,0
1-739587319,0
1-739587396,1
1-739587444,0
1-739587535,4
1-739587728,4
1-739587855,1
1-739594564,4
1-739594606,2
1-739594962,4
1-739595023,4
1-739595109,4
1-739595196,1
1-739595223,1
1-739595245,1
1-739595270,2
1-739595297,3
1-739595324,4
1-739597970,3
1-739599194,0
1-739599307,3
1-739599386,1
1-739599530,1
1-739599576,2
1-739599620,3
1-739599651,3
1-739599719,3
1-739599889,1
1-739600934,4
1-739601103,2
1-739601286,3
1-739601303,4
1-739601503,1
1-739601828,4
1-739601945,0
1-739604009,1
1-739604067,1
1-739604078,3
1-739604090,1
1-739604102,3
1-739604366,1
1-739604401,0
1-739604436,4
1-739604482,4
1-739604574,0
1-739604586,1
1-739604632,1
1-739605906,1
1-739605923,2
1-739605993,4
1-739606069,1
1-739606147,2
1-739606373,1
1-739606472,1
1-739606519,3
1-739606660,0
1-739606703,1
1-739606762,1
1-739606788,0
1-739606890,1
1-739606924,1
1-739607150,3
1-739607252,1
1-739607445,4
1-739609937,2
1-739609945,2
1-739610074,1
1-739610135,4
1-739610160,2
1-739610172,1
1-739610219,0
1-739610274,4
1-739610281,4
1-739610377,1
1-739610416,0
1-739610456,0
1-739610612,3
1-739610663,3
1-739610728,0
1-739616002,4
1-739616092,0
1-739616211,0
1-739617373,0
1-739617397,3
1-739617409,2
1-739620881,1
1-739626121,1
1-739626185,4
1-739626198,3
1-739626420,1
1-739626423,1
1-739626471,2
1-739626511,0
1-739626589,1
1-739626642,1
1-739626672,1
1-739626746,4
1-739626771,1
1-739626781,4
1-739626891,1
1-739627434,1
1-739627646,4
1-739627716,4
1-739627772,3
1-739627831,2
1-739633012,4
1-739634008,1
1-739634136,3
1-739635782,1
1-739640031,1
1-739640042,4
1-739642918,3
1-739643283,0
1-739643385,0
1-739643571,4
1-739643871,1
1-739646215,4
1-739646504,0
1-739646546,3
1-739646584,0
1-739658907,3
1-739658951,2
1-739658999,4
1-739659110,2
1-739659742,1
1-739659841,3
1-739660298,3
1-739660774,2
1-739660786,3
1-739661200,3
1-739661362,1
1-739661379,1
1-739661731,2
1-739661815,4
1-739662177,2
1-739662209,2
1-739663917,3
1-739664750,2
1-739669611,0
1-739674921,3
1-739675591,3
1-739675883,4
1-739675892,4
1-739682247,0
1-739682607,3
1-739687618,3
1-739688097,1
1-739688146,3
1-739688243,4
1-739688343,2
1-739688374,4
1-739688417,1
1-739688521,2
1-739688614,3
1-739688671,2
1-739688785,1
1-739688874,3
1-739691501,4
1-739694952,1
1-739695441,1
1-739695486,3
1-739695491,0
1-739695535,4
1-739695709,0
1-739695743,4
1-739695971,4
1-739696031,4
1-739696554,4
1-739696585,1
1-739696604,0
1-739696625,2
1-739696708,3
1-739696745,2
1-739699409,1
1-739711164,2
1-739711344,3
1-739711388,0
1-739711400,3
1-739711451,3
1-739711714,4
1-739711728,2
1-739711805,4
1-739712558,0
1-739712584,1
1-739712657,4
1-739712794,2
1-739713153,3
1-739713264,0
1-739713321,2
1-739713354,1
1-739713398,0
1-739713622,4
1-739715341,4
1-739715562,2
1-739715631,1
1-739715647,2
1-739715759,4
1-739716264,0
1-739716298,3
1-739716382,0
1-739716416,1
1-739716422,4
1-739716719,4
1-739718009,2
1-739718199,4
1-739718341,2
1-739718404,3
1-739718429,1
1-739718556,1
1-739718592,0
1-739718615,4
1-739718649,2
1-739718718,3
1-739724947,2
1-739726915,2
1-739727111,2
1-739727165,3
1-739727237,2
1-739727244,1
1-739727291,3
1-739727424,0
1-739727450,0
1-739727475,4
1-739727705,0
1-739727795,3
1-739727821,3
1-739727963,0
1-739728094,2
1-739728136,0
1-739728191,0
1-739728703,2
1-739728799,4
1-739730160,0
1-739730594,3
1-739730659,0
1-739730844,2
1-739732102,3
1-739732142,0
1-739732184,2
1-739732277,4
1-739732831,1
1-739733074,1
1-739733254,2
1-739733281,0
1-739733298,2
1-739733319,1
1-739733415,3
1-739733457,1
1-739733529,2
1-739733771,0
1-739733827,2
1-739733861,4
1-739734942,4
1-739735986,3
1-739736020,2
1-739736307,0
1-739736318,1
1-739736468,2
1-739736479,2
1-739736753,1
1-739747901,3
1-739747981,3
1-739747991,3
1-739748031,1
1-739748041,0
1-739748061,1
1-739748101,0
1-739748131,4
1-739748142,1
1-739748201,1
1-739748241,0
1-739748271,0
1-739748321,2
1-739748381,0
1-739748401,0
1-739748431,1
1-739748513,1
1-739748521,2
1-739748531,1
1-739748561,1
1-739748641,0
1-739748711,1
1-739748731,2
1-739748741,2
1-739748751,0
1-739748781,2
1-739748841,3
1-739748871,2
1-739749117,4
1-739749248,3
1-739749534,3
1-739749717,4
1-739749755,4
1-739749802,3
1-739749820,3
1-739750119,0
1-739750135,1
1-739750816,4
1-739750855,1
1-739751655,3
1-739752684,0
1-739752851,2
1-739753437,2
1-739753523,1
1-739753537,0
1-739753548,3
1-739753572,2
1-739753587,3
1-739753598,4
1-739753718,2
1-739753744,2
1-739753757,2
1-739753804,3
1-739753830,0
1-739753857,0
1-739753885,3
1-739755016,2
1-739755182,2
1-739755281,1
1-739765075,3
1-739765101,0
1-739765722,0
1-739765735,1
1-739765889,3
1-739766311,3
1-739766431,2
1-739766662,1
1-739766860,1
1-739768102,2
1-739768221,0
1-739768281,3
1-739768365,3
1-739768673,1
1-739770021,4
1-739770381,0
1-739770396,0
1-739770474,4
1-739771031,1
1-739771090,0
1-739771209,4
1-739771235,2
1-739771285,2
1-739771315,1
1-739771353,0
1-739771402,0
1-739771425,4
1-739771431,2
1-739771487,2
1-739771511,2
1-739772962,1
1-739773105,1
1-739773148,0
1-739773478,0
1-739773587,4
1-739773642,1
1-739773976,1
1-739774065,1
1-739774122,4
1-739774151,2
1-739774185,4
1-739774204,0
1-739774220,3
1-739774346,1
1-739774373,3
1-739774395,4
1-739774484,4
1-739774516,3
1-739774582,0
1-739774643,4
1-739774660,4
1-739774687,0
1-739774740,1
1-739774780,4
1-739774964,4
1-739775208,1
1-739775235,0
1-739775605,3
1-739775753,3
1-739775838,3
1-739779041,0
1-739779223,3
1-739779771,4
1-739779892,0
1-739780479,0
1-739780580,4
1-739782082,4
1-739782270,1
1-739782283,3
1-739782542,4
1-739782743,4
1-739782801,1
1-739788100,1
1-739788181,4
1-739788228,4
1-739788318,2
1-739788537,2
1-739790231,1
1-739790868,0
1-739790961,4
1-739791039,2
1-739791073,1
1-739791103,3
1-739791131,4
1-739791276,4
1-739791347,0
1-739791388,3
1-739791691,1
1-739791800,0
1-739793941,4
1-739793961,3
1-739794081,2
1-739794121,3
1-739795812,0
1-739800101,2
1-739800265,0
1-739800551,2
1-739800638,3
1-739809072,1
1-739809156,4
1-739809228,2
1-739809365,4
1-739809691,2
1-739809801,0
1-739809826,2
1-739813913,0
1-739814053,4
1-739814493,0
1-739814661,2
1-739814721,4
1-739819390,1
1-739819436,1
1-739819463,3
1-739820726,4
1-739820766,1
1-739820884,2
1-739821151,4
1-739821187,4
1-739821347,2
1-739821483,2
1-739821542,2
1-739821611,4
1-739821679,2
1-739821873,0
1-739822950,4
1-739823176,4
1-739823295,3
1-739823372,4
1-739823390,1
1-739823457,0
1-739823544,0
1-739823923,1
1-739824142,2
1-739824200,0
1-739824377,3
1-739824427,3
1-739824484,2
1-739824775,2
1-739824792,1
1-739825949,1
1-739825987,3
1-739826085,2
1-739826218,1
1-739826254,4
1-739826386,2
1-739826451,1
1-739826661,3
1-739826679,1
1-739826708,3
1-739826738,2
1-739828769,4
1-739829006,4
1-739829191,2
1-739829227,3
1-739829238,2
1-739829274,0
1-739829285,1
1-739829448,2
1-739829623,2
1-739829634,2
1-739829669,3
1-739829857,2
1-739829881,1
1-739829892,4
1-739837011,3
1-739837055,1
1-739837348,3
1-739841973,0
1-739842421,0
1-739842681,1
1-739843086,3
1-739843192,4
1-739843472,3
1-739843543,3
1-739843770,2
1-739843830,4
1-739845918,2
1-739846111,0
1-739846146,2
1-739846371,0
1-739846407,0
1-739846468,4
1-739846729,2
1-739847770,3
1-739847798,0
1-739850124,1
1-739850206,0
1-739850265,4
1-739850299,4
1-739850380,3
1-739850482,1
1-739850585,2
1-739850631,2
1-739850761,2
1-739850951,1
1-739851171,3
1-739872261,1
1-739872621,2
1-739872651,4
1-739872708,0
1-739872711,4
1-739872770,2
1-739872825,3
1-739898112,1
1-739898122,2
1-739898763,4
1-739898902,2
1-739898949,2
1-739899237,4
1-739899261,3
1-739899391,3
1-739899474,1
1-739899640,1
1-739899724,0
1-739899771,2
1-739901409,0
1-739901719,4
1-739901756,3
1-739901781,0
1-739901796,2
1-739901840,4
1-739902921,2
1-739903001,3
1-739903026,3
1-739903055,2
1-739903089,2
1-739903149,2
1-739903228,3
1-739903299,2
1-739903365,3
1-739903526,3
1-739903561,4
1-739903768,1
1-739903846,1
1-740059721,3
1-740285129,2
1-740285244,4
1-740285665,0
1-740287562,1
1-740291939,4
1-740291950,4
1-740291962,4
1-740291974,2
1-740292158,4
1-740292255,1
1-740292320,4
1-740292465,2
1-740292477,0
1-740292500,2
1-740292673,4
1-740292729,3
1-740292753,3
1-740292798,2
1-740293014,0
1-740293061,2
1-740293080,1
1-740293511,3
1-740293761,2
1-740293857,2
1-740299911,4
1-740299941,2
1-740300051,4
1-740300138,4
1-740300145,4
1-740300223,2
1-740300289,3
1-740300366,4
1-740300419,4
1-740300463,0
1-740300513,1
1-740300619,2
1-740300621,0
1-740300732,2
1-740300859,1
1-740300861,2
1-740302057,1
1-740302198,1
1-740302270,3
1-740302762,2
1-740302831,0
1-740302868,4
1-740303155,1
1-740303502,4
1-740307011,2
1-740307036,2
1-740307073,4
1-740307161,2
1-740307259,3
1-740307285,2
1-740307293,4
1-740307381,2
1-740307406,0
1-740307458,1
1-740307634,2
1-740307677,0
1-740307704,4
1-740307721,1
1-740307773,0
1-740307782,3
1-740307843,4
1-740307889,4
1-740308291,2
1-740308384,3
1-740308447,4
1-740308469,2
1-740308671,3
1-740308721,0
1-740308737,4
1-740308821,1
1-740308848,2
1-740309261,4
1-740315141,1
1-740315176,2
1-740315219,4
1-740315341,4
1-740315361,3
1-740315409,3
1-740315441,4
1-740315461,3
1-740315712,0
1-740316201,1
1-740316633,2
1-740316641,4
1-740316721,2
1-740316771,4
1-740322310,1
1-740322426,2
1-740322441,2
1-740322478,3
1-740322511,3
1-740322551,3
1-740322581,4
1-740322601,3
1-740322680,2
1-740322831,1
1-740324225,1
1-740328136,1
1-740328183,2
1-740328352,0
1-740328401,1
1-740328411,2
1-740328458,3
1-740330013,1
1-740330048,0
1-740330149,4
1-740330191,2
1-740330313,2
1-740330381,4
1-740330618,1
1-740330630,3
1-740330720,0
1-740330732,4
1-740330755,4
1-740330767,3
1-740330778,0
1-740330789,3
1-740330801,3
1-740330812,0
1-740330824,2
1-740330847,0
1-740330871,0
1-740330883,0
1-740339015,2
1-740339106,0
1-740339240,0
1-740339295,4
1-740339637,3
1-740340071,0
1-740340101,0
1-740340137,2
1-740340526,1
1-740340681,0
1-740342107,3
1-740342121,1
1-740342178,2
1-740342181,2
1-740342309,3
1-740342377,1
1-740342406,3
1-740342521,3
1-740342805,4
1-740342839,3
1-740344932,1
1-740344950,2
1-740348139,2
1-740348149,3
1-740348202,1
1-740348417,3
1-740348495,3
1-740348693,3
1-740357018,1
1-740357079,0
1-740357237,1
1-740357297,2
1-740357428,2
1-740357692,2
1-740357708,3
1-740357775,2
1-740358972,2
1-740358991,2
1-740359121,3
1-740359327,4
1-740359408,0
1-740359484,2
1-740359508,3
1-740359566,0
1-740359633,1
1-740363996,1
1-740364105,2
1-740364166,4
1-740364387,0
1-740364593,4
1-740364658,1
1-740364822,2
1-740367985,2
1-740368015,2
1-740371161,3
1-740371348,3
1-740371771,3
1-740371820,4
1-740371900,0
1-740380115,0
1-740380830,2
1-740383215,0
1-740383360,4
1-740383371,0
1-740383399,3
1-740383420,0
1-740383524,2
1-740383750,1
1-740383860,3
1-740383870,2
1-740384182,1
1-740384821,1
1-740385762,0
1-740387037,4
1-740387312,0
1-740387427,2
1-740387481,1
1-740387608,4
1-740387750,3
1-740387822,2
1-740387864,3
1-740388710,4
1-740388748,3
1-740388786,4
1-740393498,4
1-740393512,2
1-740393918,1
1-740393941,2
1-740393958,4
1-740394062,3
1-740394107,4
1-740394189,1
1-740394347,4
1-740394421,1
1-740394456,2
1-740394743,2
1-740394754,4
1-740394864,0
1-740396325,2
1-740396381,3
1-740396492,1
1-740396542,0
1-740396560,3
1-740396572,4
1-740396710,2
1-740396720,3
1-740396848,1
1-740398374,0
1-740398415,2
1-740398442,0
1-740398595,0
1-740398649,0
1-740398780,0
1-740398890,0
1-740403927,0
1-740404027,1
1-740404051,1
1-740404065,2
1-740404130,2
1-740404266,0
1-740404280,2
1-740404288,3
1-740404555,0
1-740404582,2
1-740404649,4
1-740404752,0
1-740404852,3
1-740404890,2
1-740406065,4
1-740406442,0
1-740406689,2
1-740406759,3
1-740406890,4
1-740408943,1
1-740409271,2
1-740413222,3
1-740413739,4
1-740413759,4
1-740414265,3
1-740421001,3
1-740421014,2
1-740421027,3
1-740421103,3
1-740421154,0
1-740421206,1
1-740421419,4
1-740421478,3
1-740421503,3
1-740421552,2
1-740421663,3
1-740421691,3
1-740423292,1
1-740423500,0
1-740423567,4
1-740423737,1
1-740423797,4
1-740423830,2
1-740423878,2
1-740434918,1
1-740434999,4
1-740435031,0
1-740435051,4
1-740435109,0
1-740435239,1
1-740435261,4
1-740435284,3
1-740435326,3
1-740435381,2
1-740435626,3
1-740435636,4
1-740435830,4
1-740435895,0
1-740436985,0
1-740437055,3
1-740437148,3
1-740437475,3
1-740437487,3
1-740437511,1
1-740437617,0
1-740437864,3
1-740437897,1
1-740439036,2
1-740439051,4
1-740439153,1
1-740439355,3
1-740439566,4
1-740443901,1
1-740443932,3
1-740443984,0
1-740444096,4
1-740444114,3
1-740444186,4
1-740444312,1
1-740444369,2
1-740444402,2
1-740444535,2
1-740444700,0
1-740444716,2
1-740448903,0
1-740449312,0
1-740449562,4
1-740449572,0
1-740449587,2
1-740449730,2
1-740449736,4
1-740453064,4
1-740453306,4
1-740453334,1
1-740453371,1
1-740453503,2
1-740453701,4
1-740453732,2
1-740453793,2
1-740454929,2
1-740454979,1
1-740455033,1
1-740455245,4
1-740455276,4
1-740455456,3
1-740455601,3
1-740455650,1
1-740455673,2
1-740455880,0
1-740459971,0
1-740460019,2
1-740460112,0
1-740460214,2
1-740460361,3
1-740460458,2
1-740460471,1
1-740460550,0
1-740460649,2
1-740460855,1
1-740460916,0
1-740461032,0
1-740461199,0
1-740461411,0
1-740461532,0
1-740461919,0
1-740462073,0
1-740462148,4
1-740462311,1
1-740462359,2
1-740462424,3
1-740462506,1
1-740462513,2
1-740462640,1
1-740462663,2
1-740462699,2
1-740462709,4
1-740470066,1
1-740470139,0
1-740470141,3
1-740470151,4
1-740470386,2
1-740470730,1
1-740470790,1
1-740470848,1
1-740471146,0
1-740471207,3
1-740471311,2
1-740471362,2
1-740471428,4
1-740471440,0
1-740471621,3
1-740475033,0
1-740475566,0
1-740475630,3
1-740489901,1
1-740489949,4
1-740489995,1
1-740490030,0
1-740490061,0
1-740490145,3
1-740490182,3
1-740490210,1
1-740490360,0
1-740490375,0
1-740490411,2
1-740490649,1
1-740490668,2
1-740490799,1
1-740490856,0
1-740492992,3
1-740493021,2
1-740493061,4
1-740493071,2
1-740493101,3
1-740493131,1
1-740493181,3
1-740493271,3
1-740493291,3
1-740493362,4
1-740493371,4
1-740493431,4
1-740493471,0
1-740493521,1
1-740493551,4
1-740493591,3
1-740493701,1
1-740493741,3
1-740493772,1
1-740506024,0
1-740506051,0
1-740506268,4
1-740506419,3
1-740506511,0
1-740516910,2
1-740517185,0
1-740517201,4
1-740527085,4
1-740527242,3
1-740527287,0
1-740527503,2
1-740527544,3
1-740527649,0
1-740527771,4
1-740527807,4
1-740529071,1
1-740529083,0
1-740529221,4
1-740529245,1
1-740529442,3
1-740529491,0
1-740529525,4
1-740529642,3
1-740529867,4
1-740532920,3
1-740532923,0
1-740532960,3
1-740533149,1
1-740533214,2
1-740533246,3
1-740533338,3
1-740533480,1
1-740533531,3
1-740533550,1
1-740533626,2
1-740533697,3
1-740533751,3
1-740533853,4
1-740534221,4
1-740534446,3
1-740534541,3
1-740534568,3
1-740534577,4
1-740534639,2
1-740534867,3
1-740534878,0
1-740536916,2
1-740537188,1
1-740537324,3
1-740537367,3
1-740537385,3
1-740537539,4
1-740537647,3
1-740537705,1
1-740537776,4
1-740537782,2
1-740537894,3
1-740537914,4
1-740538038,1
1-740538062,3
1-740538135,3
1-740538543,0
1-740538607,1
1-740538636,3
1-740538816,1
1-740542029,2
1-740542062,3
1-740542105,1
1-740542154,4
1-740542219,3
1-740542342,4
1-740542356,3
1-740543015,3
1-740543537,2
1-740543577,0
1-740543610,4
1-740543621,3
1-740545047,4
1-740545215,0
1-740545224,2
1-740545322,4
1-740545470,3
1-740545478,0
1-740545598,0
1-740545682,2
1-740545722,1
1-740550181,1
1-740550239,0
1-740550393,1
1-740550404,0
1-740550820,2
1-740555906,3
1-740556083,1
1-740556381,2
1-740556477,0
1-740556533,1
1-740556571,2
1-740556714,1
1-740556828,0
1-740559958,1
1-740560311,1
1-740560358,0
1-740560504,1
1-740560551,4
1-740560579,1
1-740565976,1
1-740566326,2
1-740566576,4
1-740566848,0
1-740569952,3
1-740570581,2
1-740570608,0
1-740570625,4
1-740570748,2
1-740570786,2
1-740570791,3
1-740570835,1
1-740570848,2
1-740570874,2
1-740572175,2
1-740572244,3
1-740572291,4
1-740572315,1
1-740572361,2
1-740572427,0
1-740572582,0
1-740572661,2
1-740575579,1
1-740575599,3
1-740580352,3
1-740580386,2
1-740580599,3
1-740580949,3
1-740580971,1
1-740580989,2
1-740581372,4
1-740581426,2
1-740581599,2
1-740581649,0
1-740581724,4
1-740581893,0
1-740585081,1
1-740585118,1
1-740585221,4
1-740585249,2
1-740585356,2
1-740585463,2
1-740585765,1
1-740585777,2
1-740591301,1
1-740591340,1
1-740591353,3
1-740591685,2
1-740591717,0
1-740591826,0
1-740593930,3
1-740593970,2
1-740594799,1
1-740594917,0
1-740595137,1
1-740595169,0
1-740595273,1
1-740595382,1
1-740595511,3
1-740595579,2
1-740595749,1
1-740595916,0
1-740596194,2
1-740596231,3
1-740596320,3
1-740596328,1
1-740596763,1
1-740596818,1
1-740596823,4
1-740596977,3
1-740597333,1
1-740597381,4
1-740597399,2
1-740597414,4
1-740597468,0
1-740597547,4
1-740597584,4
1-740597685,2
1-740597735,2
1-740597835,1
1-740604071,4
1-740604107,4
1-740604212,3
1-740604409,3
1-740604467,1
1-740604478,1
1-740604514,3
1-740604526,2
1-740604538,3
1-740604549,3
1-740604573,2
1-740604585,1
1-740604597,2
1-740604609,4
1-740604620,1
1-740604632,4
1-740604644,3
1-740604668,2
1-740604680,2
1-740604691,2
1-740604703,0
1-740604715,1
1-740604727,4
1-740604739,2
1-740604751,2
1-740604774,2
1-740604786,4
1-740604809,2
1-740604843,0
1-740607135,2
1-740607229,3
1-740607267,2
1-740607871,4
1-740609927,0
1-740609951,1
1-740609966,3
1-740610061,1
1-740610261,1
1-740610271,1
1-740610296,4
1-740610319,2
1-740610323,3
1-740610543,4
1-740610640,3
1-740610803,0
1-740616924,3
1-740617030,4
1-740617279,2
1-740617297,1
1-740617320,3
1-740617545,4
1-740617575,1
1-740617671,4
1-740617724,3
1-740617747,0
1-740617780,4
1-740617785,2
1-740617839,2
1-740618111,4
1-740618165,4
1-740618457,1
1-740618490,3
1-740618637,1
1-740620951,3
1-740621151,3
1-740621849,4
1-740621880,3
1-740622964,1
1-740622971,0
1-740622990,3
1-740622995,3
1-740623029,1
1-740623233,3
1-740626303,4
1-740626771,1
1-740626844,4
1-740628101,1
1-740628213,0
1-740628318,4
1-740628430,2
1-740628533,2
1-740628753,4
1-740628896,2
1-740630061,0
1-740630090,2
1-740630195,1
1-740630351,1
1-740630363,2
1-740630613,3
1-740630690,1
1-740632224,2
1-740632381,3
1-740632403,0
1-740632539,3
1-740632587,1
1-740632637,3
1-740633004,4
1-740633126,3
1-740633433,4
1-740633452,1
1-740633469,3
1-740633534,4
1-740633553,0
1-740633703,2
1-740634961,1
1-740635072,4
1-740635131,2
1-740635456,1
1-740635600,1
1-740635653,3
1-740636981,2
1-740637129,4
1-740637167,1
1-740637831,0
1-740637842,0
1-740638030,2
1-740638047,4
1-740638251,3
1-740638407,0
1-740638451,1
1-740638477,2
1-740638521,3
1-740638571,4
1-740638646,3
1-740638661,3
1-740638966,4
1-740639015,2
1-740639319,1
1-740639643,0
1-740639767,2
1-740639788,4
1-740639796,4
1-740639823,4
1-740639887,1
1-740639892,1
1-740640942,0
1-740641078,1
1-740641120,0
1-740641294,4
1-740641386,4
1-740641391,2
1-740641487,1
1-740641679,4
1-740641704,2
1-740641770,2
1-740641837,3
1-740641916,4
1-740641930,4
1-740642034,4
1-740642387,2
1-740642429,2
1-740642605,1
1-740642694,1
1-740648120,3
1-740648385,2
1-740648542,4
1-740648557,1
1-740648561,2
1-740648620,2
1-740648721,0
1-740648766,3
1-740648886,1
1-740650963,2
1-740651321,1
1-740651428,1
1-740651704,3
1-740655421,4
1-740655471,3
1-740655725,3
1-740661914,0
1-740661991,3
1-740662139,2
1-740662243,1
1-740662341,4
1-740662381,2
1-740662398,1
1-740662454,4
1-740662540,0
1-740662560,4
1-740662652,2
1-740662703,1
1-740662754,2
1-740670770,2
1-740675920,1
1-740676483,0
1-740676681,4
1-740676845,1
1-740676879,1
1-740676912,2
1-740676970,3
1-740677096,2
1-740677367,1
1-740677448,2
1-740677506,3
1-740677598,1
1-740677784,4
1-740679046,2
1-740679187,0
1-740679321,3
1-740679438,2
1-740679461,1
1-740679735,3
1-740680072,1
1-740680115,0
1-740680255,2
1-740680292,0
1-740680403,4
1-740680465,1
1-740680611,4
1-740680696,4
1-740681032,1
1-740681438,2
1-740681625,4
1-740681631,1
1-740681925,3
1-740682014,2
1-740682051,0
1-740682117,2
1-740682191,4
1-740682224,0
1-740682250,1
1-740682529,4
1-740682818,1
1-740682941,4
1-740682961,0
1-740683041,2
1-740683101,4
1-740683221,4
1-740683251,4
1-740683341,4
1-740683906,4
1-740683983,4
1-740684121,4
1-740684365,3
1-740684551,3
1-740684600,0
1-740684682,3
1-740684725,3
1-740684766,3
1-740686915,3
1-740687864,0
1-740692450,2
1-740692523,0
1-740692929,4
1-740693037,0
1-740693091,1
1-740693170,0
1-740693604,1
1-740693774,1
1-740693815,4
1-740694988,3
1-740695912,2
1-740696062,0
1-740696371,1
1-740696526,3
1-740698487,2
1-740703014,3
1-740703272,3
1-740703291,4
1-740703310,3
1-740703451,3
1-740703544,4
1-740703573,1
1-740703682,2
1-740703747,3
1-740703867,0
1-740706918,0
1-740706970,3
1-740706986,2
1-740707026,2
1-740707112,4
1-740707164,4
1-740707326,0
1-740707407,4
1-740707608,4
1-740707631,2
1-740715079,2
1-740715175,1
1-740715559,4
1-740715573,0
1-740715676,0
1-740715743,3
1-740715900,4
1-740723068,3
1-740723138,3
1-740723262,0
1-740723275,0
1-740723292,0
1-740723400,2
1-740723437,3
1-740723442,0
1-740723470,4
1-740723593,3
1-740723616,2
1-740723678,0
1-740726055,2
1-740726083,3
1-740726463,1
1-740726483,1
1-740726556,3
1-740726591,2
1-740726794,0
1-740729944,2
1-740730139,2
1-740730409,0
1-740730671,0
1-740730770,1
1-740731990,2
1-740732022,0
1-740732425,4
1-740732805,3
1-740736011,0
1-740736929,3
1-740737509,4
1-740737521,2
1-740737536,3
1-740737718,2
1-740737863,0
1-740739679,1
1-740739879,4
1-740740907,4
1-740740931,1
1-740741211,3
1-740741492,0
1-740741561,0
1-740741591,1
1-740741761,2
1-740741790,1
1-740741891,2
1-740744927,2
1-740745024,0
1-740745084,0
1-740745971,0
1-740746345,4
1-740748947,2
1-740749094,2
1-740749185,4
1-740749299,4
1-740749370,3
1-740749895,4
1-740751001,2
1-740751027,0
1-740751204,4
1-740751544,4
1-740751561,1
1-740751967,4
1-740751976,2
1-740752103,2
1-740752178,4
1-740752351,3
1-740752486,0
1-740752510,0
1-740752893,4
1-740753760,1
1-740753820,2
1-740753868,0
1-740759961,2
1-740760140,1
1-740760247,2
1-740760321,2
1-740760575,1
1-740760605,0
1-740765939,0
1-740766207,3
1-740766308,2
1-740766742,2
1-740767198,2
1-740771213,1
1-740771761,2
1-740771790,0
1-740773205,4
1-740773316,1
1-740773383,2
1-740773742,1
1-740773761,2
1-740779250,0
1-740779636,1
1-740779868,2
1-740779871,3
1-740780000,1
1-740780080,0
1-740780169,1
1-740780180,3
1-740780397,0
1-740780617,4
1-740780662,2
1-740780802,2
1-740780871,2
1-740780926,1
1-740780933,3
1-740781048,0
1-740781113,2
1-740781165,4
1-740781202,2
1-740781343,2
1-740781457,1
1-740781471,1
1-740781545,4
1-740782031,1
1-740782623,0
1-740786620,0
1-740791130,4
1-740791340,2
1-740791397,4
1-740791441,0
1-740791568,1
1-740791585,2
1-740791622,1
1-740791709,0
1-740791756,4
1-740791787,3
1-740791865,4
1-740792117,3
1-740792192,0
1-740792353,4
1-740792431,3
1-740792459,2
1-740792546,3
1-740792688,3
1-740792783,0
1-740792826,2
1-740801127,3
1-740801390,4
1-740801731,0
1-740803114,0
1-740803182,0
1-740803202,0
1-740803434,2
1-740803482,4
1-740803513,1
1-740803667,0
1-740803750,3
1-740803777,4
1-740804915,1
1-740804949,1
1-740805045,3
1-740805060,0
1-740805104,3
1-740811102,1
1-740811300,3
1-740811530,3
1-740811922,0
1-740812001,4
1-740812056,4
1-740812093,3
1-740812155,2
1-740812490,4
1-740812542,3
1-740812628,4
1-740812736,0
1-740813912,3
1-740813959,1
1-740814049,4
1-740814177,1
1-740814205,4
1-740814456,3
1-740814666,0
1-740814764,0
1-740816078,1
1-740816193,2
1-740816795,4
1-740816836,3
1-740820090,1
1-740820127,1
1-740820157,4
1-740820201,0
1-740820286,2
1-740820318,2
1-740820688,2
1-740821231,4
1-740821802,1
1-740824274,4
1-740824347,3
1-740824701,4
1-740824718,4
1-740826591,2
1-740827022,4
1-740827080,3
1-740827441,1
1-740827705,3
1-740827851,0
1-740829059,1
1-740829472,4
1-740829531,3
1-740829567,1
1-740833004,3
1-740834992,0
1-740835137,2
1-740835229,2
1-740835239,3
1-740835335,3
1-740835599,0
1-740839338,4
1-740839393,2
1-740839404,2
1-740839458,1
1-740839548,1
1-740841250,4
1-740841271,3
1-740841300,4
1-740841599,2
1-740842201,1
1-740842422,3
1-740844119,3
1-740844296,3
1-740844433,2
1-740846470,1
1-740846515,2
1-740846820,4
1-740847057,0
1-740847124,0
1-740847182,0
1-740847333,1
1-740847645,4
1-740847830,3
1-740847841,3
1-740847897,4
1-740847921,4
1-740848036,2
1-740848060,1
1-740848086,4
1-740849411,0
1-740852906,1
1-740852972,4
1-740853009,0
1-740853095,4
1-740853331,1
1-740853360,0
1-740853391,4
1-740853408,1
1-740855996,1
1-740856521,1
1-740858155,0
1-740858249,2
1-740858571,0
1-740858915,0
1-740858975,1
1-740859373,4
1-740859433,4
1-740859521,4
1-740859565,3
1-740859738,0
1-740859781,1
1-740861081,2
1-740861351,4
1-740861371,2
1-740861917,2
1-740862061,3
1-740862080,1
1-740862126,3
1-740862164,0
1-740865953,3
1-740865969,4
1-740866691,0
1-740866708,0
1-740866821,2
