log,events,objects,E2O,O2O,ocel_size_bytes,struct_ratio,obj_CollaborationInstance,obj_LocalCase,obj_Message,obj_Participant
Healthcare,1450,1004,5424,2324,901120,6.035862068965518,100,350,550,4
Artificial1,800,502,2800,1000,421888,5.3775,100,200,200,2
Artificial5,2360,964,8096,2206,1036288,4.773728813559322,100,330,530,4
Real4,1800,803,6200,1800,892928,4.890555555555555,100,300,400,3
