log,events,objects,E2O,O2O,ocel_size_bytes,struct_ratio,obj_CollaborationInstance,obj_LocalCase,obj_Message
Healthcare,1450,1000,3974,900,761856,4.051034482758621,100,350,550
Artificial1,800,500,2000,400,356352,3.625,100,200,200
Artificial5,2360,960,5736,860,872448,3.201694915254237,100,330,530
Real4,1800,800,4400,700,770048,3.2777777777777777,100,300,400
